log,direction,method,X_mm,Y_mm,heading_error_deg
12866,CW,logged,10.257109488308242,-9.728915244501763,0.5982423187935296
12867,CW,logged,21.083807582117153,-0.2569924472925095,-0.4381032668496232
12868,CW,logged,18.09608481756279,-3.562490670632917,0.0991646715759316
12866,CW,yaw_1ms,10.136439551999434,-9.652390141283888,0.5982423187935296
12867,CW,yaw_1ms,21.94635711658225,-1.4254540626912218,-0.4381032668496232
12868,CW,yaw_1ms,17.7741875628672,-4.176567019537413,0.0991646715759316
12866,CW,sparse_trapezoid,9.19616124298052,-9.479997947527147,0.707736089963521
12867,CW,sparse_trapezoid,21.313913537770055,-1.413722254824711,-0.4436190487556132
12868,CW,sparse_trapezoid,17.953971144542493,-4.412874659367764,0.1996735327783199
12866,CW,sparse_right,10.232653618667745,-8.869166350714988,0.6408539379693025
12867,CW,sparse_right,21.69726393426158,-0.754146651753399,-0.47444198372178337
12868,CW,sparse_right,18.47190670318198,-3.9672630376104734,0.1807187482039012
12869,CCW,logged,17.6833725035789,-2.926397725593553,0.03596411416398269
12870,CCW,logged,15.411119738561206,0.7655945945788674,0.16975049161504785
12871,CCW,logged,13.224140187850981,-1.0176285556952365,0.022108168762053994
12869,CCW,yaw_1ms,13.896617519012352,-2.175318741072182,0.03596411416398269
12870,CCW,yaw_1ms,15.368568093039926,-0.9429293341078534,0.16975049161504785
12871,CCW,yaw_1ms,13.723428303682613,-0.8348079838657,0.022108168762053994
12869,CCW,sparse_trapezoid,14.686968896707231,-2.3217171965395442,0.05903933565841726
12870,CCW,sparse_trapezoid,15.059493549629815,-0.7620802679379807,0.1671662203753499
12871,CCW,sparse_trapezoid,12.196690035187817,-1.7741192240585775,-0.1474887720475749
12869,CCW,sparse_right,15.588348327562176,-2.297539369922643,0.11264583722049792
12870,CCW,sparse_right,15.94819974304005,-0.7241229276633092,0.224399210102672
12871,CCW,sparse_right,13.145283275307179,-1.6889564279126077,-0.09495187630390092
