log,direction,begin_pct,end_pct,mean_difference_change_mm
12866,CW,0,5,0.2602425224243708
12866,CW,5,10,0.29904723847430564
12866,CW,10,15,0.3285401302211372
12866,CW,15,20,0.34333651314115926
12866,CW,20,25,0.4108681899504877
12866,CW,25,30,0.5149726233050864
12866,CW,30,35,0.395497981267784
12866,CW,35,40,0.3696929341793132
12866,CW,40,45,0.3842089594222048
12866,CW,45,50,0.3733731435486607
12866,CW,50,55,0.3701648937037981
12866,CW,55,60,2.0736473165266327
12866,CW,60,65,0.8934712425690183
12866,CW,65,70,1.1510434690364142
12866,CW,70,75,3.9353296417886305
12866,CW,75,80,1.9338688516475977
12866,CW,80,85,1.7991197215129686
12866,CW,85,90,1.8758189948731971
12866,CW,90,95,1.6450554804469852
12866,CW,95,100,1.6740459689434182
12867,CW,0,5,0.09951433558298506
12867,CW,5,10,0.13252823452382612
12867,CW,10,15,0.24703770449307766
12867,CW,15,20,0.18184077019220546
12867,CW,20,25,0.2015460840260343
12867,CW,25,30,0.17568512675757178
12867,CW,30,35,0.24384791597204966
12867,CW,35,40,0.26708338157195566
12867,CW,40,45,0.28133862407453014
12867,CW,45,50,0.28237743208760857
12867,CW,50,55,0.29843930704535443
12867,CW,55,60,0.359750528622383
12867,CW,60,65,0.14144911030780494
12867,CW,65,70,0.2116850084773697
12867,CW,70,75,0.6468965357027033
12867,CW,75,80,0.37525952334920226
12867,CW,80,85,0.3574114428637237
12867,CW,85,90,0.397537755950674
12867,CW,90,95,0.4221390509934638
12867,CW,95,100,0.4880563448109749
12868,CW,0,5,0.059811321961129836
12868,CW,5,10,0.10067085777873605
12868,CW,10,15,0.147912549088513
12868,CW,15,20,0.19912769694963944
12868,CW,20,25,0.2178703425448486
12868,CW,25,30,0.18104010578031499
12868,CW,30,35,0.3653281146991305
12868,CW,35,40,0.4398108712063108
12868,CW,40,45,0.439061209447976
12868,CW,45,50,0.45774819516625
12868,CW,50,55,0.4327316573738387
12868,CW,55,60,0.467101367467684
12868,CW,60,65,0.6087608977463554
12868,CW,65,70,0.5382860832841315
12868,CW,70,75,0.6257571812548111
12868,CW,75,80,0.7763927566953488
12868,CW,80,85,0.7525575683551609
12868,CW,85,90,0.7080997226159877
12868,CW,90,95,0.6335179014020649
12868,CW,95,100,0.596457182521196
12869,CCW,0,5,0.30074854958206887
12869,CCW,5,10,0.3359550211681732
12869,CCW,10,15,0.45164856482455384
12869,CCW,15,20,0.9103336701450273
12869,CCW,20,25,0.5409058275944021
12869,CCW,25,30,1.6081496730630025
12869,CCW,30,35,1.5736381124318504
12869,CCW,35,40,1.2335080273292751
12869,CCW,40,45,3.028172681099625
12869,CCW,45,50,1.9914150486787803
12869,CCW,50,55,1.7215073846512654
12869,CCW,55,60,1.6747456087047303
12869,CCW,60,65,1.64535105223432
12869,CCW,65,70,1.6785956986088633
12869,CCW,70,75,1.938503538994897
12869,CCW,75,80,1.9550125820389264
12869,CCW,80,85,1.8979405676529582
12869,CCW,85,90,2.1453386952395457
12869,CCW,90,95,2.0964388761789614
12869,CCW,95,100,2.1039559256959466
12870,CCW,0,5,0.10525001354962266
12870,CCW,5,10,0.25001881720264907
12870,CCW,10,15,0.29674088250204933
12870,CCW,15,20,0.3886425277583066
12870,CCW,20,25,0.8130277160979265
12870,CCW,25,30,0.9592839881628576
12870,CCW,30,35,0.7455398005744018
12870,CCW,35,40,0.5633532939143776
12870,CCW,40,45,0.48609216947892664
12870,CCW,45,50,0.5498679817009208
12870,CCW,50,55,0.5820082955294373
12870,CCW,55,60,0.5947068668758801
12870,CCW,60,65,0.5901419560022059
12870,CCW,65,70,0.5909750996450321
12870,CCW,70,75,0.49495172477100446
12870,CCW,75,80,0.5411735055975635
12870,CCW,80,85,0.49552232900876536
12870,CCW,85,90,0.4341899772850763
12870,CCW,90,95,0.251960881876754
12870,CCW,95,100,0.257205382556188
12871,CCW,0,5,0.20299750155207086
12871,CCW,5,10,0.21754490090401085
12871,CCW,10,15,0.3792248966960769
12871,CCW,15,20,0.6714811833859904
12871,CCW,20,25,0.6207291729301232
12871,CCW,25,30,0.775375389915679
12871,CCW,30,35,0.4475233714910679
12871,CCW,35,40,0.28123852841506397
12871,CCW,40,45,1.4531132657652217
12871,CCW,45,50,1.2454690807218265
12871,CCW,50,55,1.0505155096406338
12871,CCW,55,60,1.0294634619529477
12871,CCW,60,65,1.0124685926628398
12871,CCW,65,70,1.0384006037302902
12871,CCW,70,75,1.0951139407755457
12871,CCW,75,80,1.088592487899608
12871,CCW,80,85,0.815128201318321
12871,CCW,85,90,0.7449696172796718
12871,CCW,90,95,0.4104886150671707
12871,CCW,95,100,0.38507495492793276
