log,group,rows,max_gap_ms,target_mps,actual_mean_mps,battery_V,buildDate,buildTime,gyro_offset_dps,temp_start_C,temp_mean_C,temp_cal_end_C,temp_run_end_C,cal_samples,cal_errors,temp_samples,temp_errors,courseMarker_cross,independent_cross,slip_rows,slip_lat_rows,sha256
12854,CW_before,5554,11.0,0.49983626053534186,0.5397797244628991,7.79,Oct  3 2026,14:26:17,0.043,29.000,29.138,29.250,33.500,100,0,20,0,3,6,0,0,f491aeb0163650f720c3b66be2974b7612c2d6774e98ef6a3b9182f041e442ec
12855,CW_before,5545,11.0,0.49983626053534186,0.541244781193641,7.76,Oct  3 2026,14:26:17,0.020,34.375,34.469,34.500,35.000,100,0,20,0,5,6,0,0,f39dcf920df4dbb2ac55d264d2610a64bcc0b6a7e903b3731186d4e7ae1376b7
12856,CW_before,5555,11.0,0.49983626053534186,0.5405085537115085,7.73,Oct  3 2026,14:26:17,0.043,35.625,35.625,35.625,35.750,100,0,20,0,4,6,0,0,943470c7ddffe12cd25906db82fcdd9c84f721d57f1d1bd676a035e00c494334
12850,CCW_before,5580,11.0,0.49983626053534186,0.5330584700027418,7.92,Oct  1 2026,23:13:52,0.083,27.750,27.825,27.875,32.375,100,0,20,0,6,6,0,0,807c47cd235b16793dce38d85bf910b66905aeb9f3ace19b0c0d9ebb0d569310
12851,CCW_before,5586,11.0,0.49983626053534186,0.5381117360814415,7.87,Oct  1 2026,23:13:52,0.080,28.375,28.494,28.625,32.875,100,0,20,0,6,6,0,0,fb60af9867595605462ea1c2fe210eea8900504925d46eead6a2a5346f769b4f
12852,CCW_before,5587,11.0,0.49983626053534186,0.538263079376287,7.83,Oct  1 2026,23:13:52,0.007,33.750,33.750,33.750,34.875,100,0,20,0,6,6,0,0,b34033e659980ff4db5d48c3218f1bebc09abb48b3763ca87a76de7e438cbd79
12857,CW_after,5547,11.0,0.49983626053534186,0.5397090866251645,8.31,Oct  3 2026,14:48:47,0.023,25.000,25.375,25.750,31.125,100,0,20,0,5,6,0,0,dea3d70d46dd4dfac9e26b0d51535f9c3bc8bacc25b648e9a3673fa5c1375993
12858,CW_after,5544,11.0,0.49983626053534186,0.5400185023332429,8.26,Oct  3 2026,14:48:47,0.039,32.500,32.381,32.375,33.750,100,0,20,0,6,6,0,0,adeeaec9ecc980ae7bc1459100295cc12b6f0657cd33c1b9d08b9e75083adec7
12859,CW_after,5553,11.0,0.49983626053534186,0.5397578134154343,8.22,Oct  3 2026,14:48:47,0.011,34.500,34.469,34.375,34.875,100,0,20,0,6,6,0,0,5f3dda0f5080b30e449f442dbcc3166eb7605f5d8a4fd70771616926eee97a2b
12860,CCW_after,5591,11.0,0.49983626053534186,0.5365068306318814,8.18,Oct  3 2026,14:57:20,0.052,27.000,27.281,27.500,32.375,100,0,20,0,6,6,0,0,b94ab3748b366c5ec6a9b913b347a9494c79f6ebf2aaeadd173ef8d78298bd62
12861,CCW_after,5591,11.0,0.49983626053534186,0.537254635291844,8.13,Oct  3 2026,14:57:20,0.046,33.375,33.269,33.250,34.625,100,0,20,0,6,6,0,0,4bb064d95fd272c597ce579b55d4f5bc898b9a9e0b4f83e4c0f87bba11694349
12862,CCW_after,5591,11.0,0.49983626053534186,0.5372930942621963,8.08,Oct  3 2026,14:57:20,0.052,30.125,30.438,30.750,34.250,100,0,20,0,6,6,0,0,d891b3da55d236dff8132134b915f47a5cb82c81a9d5336cba5e93beb5be8336
