log,group,method,interval,delta_X_mm,delta_Y_mm,heading_error_deg,lap_time_s,lap_distance_mm
12854,CW_before,logged,1,10.07433223940427,-1.813577496914661,-0.5454073822779151,8.710500791066984,4697.7144184861345
12854,CW_before,logged,2,7.953661871433155,0.24243021085868577,-0.27879570575402113,8.713172443039157,4700.074308863611
12854,CW_before,logged,3,6.608079898442725,-2.256454049994659,0.19554374586329004,8.721977383414066,4700.949911815849
12854,CW_before,logged,4,9.79923862512203,-9.828883071360849,0.6545935247005445,8.692530528874638,4696.338349510446
12854,CW_before,logged,5,19.833435203509453,-5.746635377922132,0.07459674330232247,8.673601502540594,4691.675779673351
12854,CW_before,right,1,10.609423043679726,2.8611216456864668,-0.5454073822779151,8.710500791066984,4697.7144184861345
12854,CW_before,right,2,7.144122241713717,1.7921987913697421,-0.27879570575402113,8.713172443039157,4700.074308863611
12854,CW_before,right,3,3.6239906153284664,-3.955044546004615,0.19554374586329004,8.721977383414066,4700.949911815849
12854,CW_before,right,4,7.966531173417366,-8.650637561601116,0.6545935247005445,8.692530528874638,4696.338349510446
12854,CW_before,right,5,19.003857837324404,-7.314064408776915,0.07459674330232247,8.673601502540594,4691.675779673351
12854,CW_before,trapezoid,1,9.31598852236857,2.676826791786482,-0.44710606998057756,8.710500791066984,4697.7144184861345
12854,CW_before,trapezoid,2,5.520087283758812,1.4111040561008963,-0.14965324008807102,8.713172443039157,4700.074308863611
12854,CW_before,trapezoid,3,2.4501492479361104,-4.116331950244444,0.2659307310884742,8.721977383414066,4700.949911815849
12854,CW_before,trapezoid,4,7.216194833933741,-9.369371073134403,0.6907834522987741,8.692530528874638,4696.338349510446
12854,CW_before,trapezoid,5,18.88018670855263,-7.8057467232365525,0.07867037563426038,8.673601502540594,4691.675779673351
12855,CW_before,logged,1,13.404934955520275,-6.313743581047845,0.5702290097171954,8.66097386766598,4689.446344946355
12855,CW_before,logged,2,11.305511620036668,-4.178499360662556,0.5201444707481642,8.664702167881241,4690.150089580722
12855,CW_before,logged,3,14.744767957723639,-4.023220994087524,0.37222129396673154,8.665810726575769,4690.154732436575
12855,CW_before,logged,4,5.808802798787497,-7.0670830985744715,0.8221077483790964,8.666815208283081,4690.061309294568
12855,CW_before,logged,5,8.88014365678589,-7.638920458082282,0.3717455484741663,8.670194380695103,4691.517348290938
12855,CW_before,right,1,13.572571611519038,-5.046350931194581,0.5702290097171954,8.66097386766598,4689.446344946355
12855,CW_before,right,2,9.916596912143063,-4.891146867233601,0.5201444707481642,8.664702167881241,4690.150089580722
12855,CW_before,right,3,15.087885370263166,-5.500772587665551,0.37222129396673154,8.665810726575769,4690.154732436575
12855,CW_before,right,4,9.084349691632042,-5.992065387929699,0.8221077483790964,8.666815208283081,4690.061309294568
12855,CW_before,right,5,9.739742966735434,-2.337445394351448,0.3717455484741663,8.670194380695103,4691.517348290938
12855,CW_before,trapezoid,1,12.979829831040433,-5.4326845196289355,0.5724232475241706,8.66097386766598,4689.446344946355
12855,CW_before,trapezoid,2,9.8375687267486,-5.232226991938148,0.48889306521897424,8.664702167881241,4690.150089580722
12855,CW_before,trapezoid,3,14.094121849856492,-6.107586429223488,0.4253815361907982,8.665810726575769,4690.154732436575
12855,CW_before,trapezoid,4,8.487386908157305,-6.393608640680668,0.8503953531814545,8.666815208283081,4690.061309294568
12855,CW_before,trapezoid,5,8.813185769952838,-2.8635750797196806,0.42201348502732117,8.670194380695103,4691.517348290938
12856,CW_before,logged,1,14.516697952406616,3.917641650673147,-0.28058453910165326,8.679694160155558,4696.375223861263
12856,CW_before,logged,2,16.337062730791217,6.25546654990535,-0.6893000004501459,8.692118718493388,4699.442420004473
12856,CW_before,logged,3,6.941579430745946,-0.054313444314345816,-0.17727368346004369,8.701422051928988,4700.467826924578
12856,CW_before,logged,4,4.005663932531888,-2.8757629301322822,-0.0004642305606239461,8.709611537184784,4701.794681275238
12856,CW_before,logged,5,12.44022754314949,-9.755550473212054,0.5950427480978533,8.683064280988823,4695.646780611318
12856,CW_before,right,1,12.243586755373826,2.8336336705057192,-0.28058453910165326,8.679694160155558,4696.375223861263
12856,CW_before,right,2,16.473056367557547,4.5464488810595185,-0.6893000004501459,8.692118718493388,4699.442420004473
12856,CW_before,right,3,4.794301440801405,1.3328235978279963,-0.17727368346004369,8.701422051928988,4700.467826924578
12856,CW_before,right,4,6.23281199676785,-1.5891884507950067,-0.0004642305606239461,8.709611537184784,4701.794681275238
12856,CW_before,right,5,8.508643310611205,-8.332138088909403,0.5950427480978533,8.683064280988823,4695.646780611318
12856,CW_before,trapezoid,1,10.870934032461378,2.408277444566579,-0.14277319586784643,8.679694160155558,4696.375223861263
12856,CW_before,trapezoid,2,15.0016749241031,4.356378152376806,-0.5582393791980849,8.692118718493388,4699.442420004473
12856,CW_before,trapezoid,3,3.0345816234870426,0.7721882180367174,-0.022120284374580024,8.701422051928988,4700.467826924578
12856,CW_before,trapezoid,4,4.29634841322968,-2.3026174060635185,0.16107328517853148,8.709611537184784,4701.794681275238
12856,CW_before,trapezoid,5,7.676639685610894,-8.83417537158823,0.6272205968007256,8.683064280988823,4695.646780611318
12850,CCW_before,logged,1,29.126972110018528,1.7867262634136765,1.4859859251965304,8.859703067682638,4719.395939209598
12850,CCW_before,logged,2,20.076292911582186,3.079700064270604,0.5016720800730923,8.8554274855362,4718.923283059334
12850,CCW_before,logged,3,26.14383918829253,-1.853442047920712,1.0919190914460728,8.853501043219516,4718.88150675695
12850,CCW_before,logged,4,14.603683368315387,0.4614277394371378,1.2380715480820186,8.85189345862048,4718.255854460707
12850,CCW_before,logged,5,17.014367218474376,1.3045959520057835,0.7427888409810066,8.845009652689296,4720.637162205901
12850,CCW_before,right,1,27.187609723775722,4.096746435015508,1.4859859251965304,8.859703067682638,4719.395939209598
12850,CCW_before,right,2,18.089098121805137,-1.5007167497611746,0.5016720800730923,8.8554274855362,4718.923283059334
12850,CCW_before,right,3,25.603756065240418,1.8471059027470957,1.0919190914460728,8.853501043219516,4718.88150675695
12850,CCW_before,right,4,20.066229013357884,2.5921892323017985,1.2380715480820186,8.85189345862048,4718.255854460707
12850,CCW_before,right,5,13.276069198439814,2.126566104234975,0.7427888409810066,8.845009652689296,4720.637162205901
12850,CCW_before,trapezoid,1,26.705754752069197,4.161426329203376,1.4533458575411373,8.859703067682638,4719.395939209598
12850,CCW_before,trapezoid,2,18.157972230531072,-1.5888426336752097,0.4779678443985631,8.8554274855362,4718.923283059334
12850,CCW_before,trapezoid,3,25.164608908196897,2.054360602093869,1.032680254620459,8.853501043219516,4718.88150675695
12850,CCW_before,trapezoid,4,19.77523224387062,2.821658530261903,1.1994633054666224,8.85189345862048,4718.255854460707
12850,CCW_before,trapezoid,5,13.399516769913134,2.466386939029533,0.7816561095353336,8.845009652689296,4720.637162205901
12851,CCW_before,logged,1,11.259493171222516,1.9091277540127791,0.5511885125604863,8.77566768654266,4723.08721260165
12851,CCW_before,logged,2,8.984124172055886,1.8303953224547627,0.5640914893440367,8.78418268542694,4724.131459518247
12851,CCW_before,logged,3,23.346268842425502,8.689884446018027,1.363428740783604,8.777458757965581,4724.031512398178
12851,CCW_before,logged,4,23.545385393257448,0.10035845437310087,1.3223245559508428,8.782437238218797,4725.07654299219
12851,CCW_before,logged,5,22.368665003627143,3.1396901781113584,1.0628632011276977,8.776401034032038,4724.703810890325
12851,CCW_before,right,1,12.749691133734814,1.050151946860396,0.5511885125604863,8.77566768654266,4723.08721260165
12851,CCW_before,right,2,13.993144548800501,-0.03776072681957032,0.5640914893440367,8.78418268542694,4724.131459518247
12851,CCW_before,right,3,22.73370741221902,6.887461819077327,1.363428740783604,8.777458757965581,4724.031512398178
12851,CCW_before,right,4,23.004751795791208,4.084703953785642,1.3223245559508428,8.782437238218797,4725.07654299219
12851,CCW_before,right,5,20.86074724252046,3.370692494652115,1.0628632011276977,8.776401034032038,4724.703810890325
12851,CCW_before,trapezoid,1,11.892513467787467,1.1165679087304028,0.5067507178137021,8.77566768654266,4723.08721260165
12851,CCW_before,trapezoid,2,13.285909542578224,-0.14055064789296168,0.49228988364092174,8.78418268542694,4724.131459518247
12851,CCW_before,trapezoid,3,21.946101111682992,6.993020585877172,1.3311849538600313,8.777458757965581,4724.031512398178
12851,CCW_before,trapezoid,4,22.28849785345608,3.9647863952007363,1.2760375630003296,8.782437238218797,4725.07654299219
12851,CCW_before,trapezoid,5,19.817782789243665,3.6368326687166164,1.0072444121159947,8.776401034032038,4724.703810890325
12852,CCW_before,logged,1,12.99096477972705,-6.747803167034554,-0.42216326044763264,8.779669415175384,4724.449332843226
12852,CCW_before,logged,2,22.495505054845353,-3.211553986882734,-0.04689763419577275,8.773363272433924,4724.601295873601
12852,CCW_before,logged,3,16.938562435935978,1.696157701964374,-0.005254642299917123,8.778153566740151,4724.821868542822
12852,CCW_before,logged,4,19.81572743941399,3.080132456136454,0.05462703944454006,8.776925032602689,4725.147830991957
12852,CCW_before,logged,5,21.727580274261754,-5.753722771341124,0.23555237768715642,8.783237248930709,4726.098034073428
12852,CCW_before,right,1,12.754586968652575,-4.8976513698703386,-0.42216326044763264,8.779669415175384,4724.449332843226
12852,CCW_before,right,2,19.800793540122868,-2.645761023403132,-0.04689763419577275,8.773363272433924,4724.601295873601
12852,CCW_before,right,3,17.95632392433265,-0.43218420916083744,-0.005254642299917123,8.778153566740151,4724.821868542822
12852,CCW_before,right,4,21.403890923118865,-1.7577274516175834,0.05462703944454006,8.776925032602689,4725.147830991957
12852,CCW_before,right,5,21.139487275363194,-0.1292635503683215,0.23555237768715642,8.783237248930709,4726.098034073428
12852,CCW_before,trapezoid,1,11.675672343663905,-5.051563811760129,-0.4722297464824692,8.779669415175384,4724.449332843226
12852,CCW_before,trapezoid,2,18.694767430051,-2.8287748388769387,-0.10665846682775282,8.773363272433924,4724.601295873601
12852,CCW_before,trapezoid,3,16.2427493346363,-0.8245559632839274,-0.13872949146099245,8.778153566740151,4724.821868542822
12852,CCW_before,trapezoid,4,20.233346868671447,-1.77817505231733,-0.0060921304361158946,8.776925032602689,4725.147830991957
12852,CCW_before,trapezoid,5,19.817101181049793,-0.27058371920020363,0.14919560842406554,8.783237248930709,4726.098034073428
12857,CW_after,logged,1,13.82882274353301,-1.6539953266063776,-0.2658121616273661,8.710967099366785,4695.235438303794
12857,CW_after,logged,2,14.396672265260008,-8.240721253032518,0.01619007471936129,8.702526313109278,4692.87492129977
12857,CW_after,logged,3,19.808397176621497,-8.723615000501582,0.13403002498239402,8.682485893910592,4689.928082702569
12857,CW_after,logged,4,23.26663744512598,-9.98748959782381,0.11622608937722134,8.687259239319152,4689.226088466668
12857,CW_after,logged,5,17.384388945318847,-5.885659568242659,0.5530362670554609,8.676792496829824,4688.465847683521
12857,CW_after,right,1,11.89812615514586,-3.0281049747255793,-0.2658121616273661,8.710967099366785,4695.235438303794
12857,CW_after,right,2,14.857611901241171,-7.898150969375365,0.01619007471936129,8.702526313109278,4692.87492129977
12857,CW_after,right,3,17.76845554264048,-6.552973696552328,0.13403002498239402,8.682485893910592,4689.928082702569
12857,CW_after,right,4,23.508144399410867,-6.181116071885526,0.11622608937722134,8.687259239319152,4689.226088466668
12857,CW_after,right,5,15.05632312086982,-9.667687977549633,0.5530362670554609,8.676792496829824,4688.465847683521
12857,CW_after,trapezoid,1,10.60476643907191,-3.40756881871107,-0.15913402002325938,8.710967099366785,4695.235438303794
12857,CW_after,trapezoid,2,13.716768504276274,-8.415490311879353,0.07478703051373259,8.702526313109278,4692.87492129977
12857,CW_after,trapezoid,3,17.155304421695405,-7.1655360666723595,0.1717469592405223,8.682485893910592,4689.928082702569
12857,CW_after,trapezoid,4,22.459714121648744,-6.805961213690011,0.15228628686617185,8.687259239319152,4689.226088466668
12857,CW_after,trapezoid,5,15.384561818436055,-9.942952695375936,0.5134856966374741,8.676792496829824,4688.465847683521
12858,CW_after,logged,1,27.14790952142721,3.861252328215812,-0.7422238100224376,8.680703782117883,4689.040412583161
12858,CW_after,logged,2,24.190463663144897,-5.640700591984796,0.1491983927305114,8.682312254859296,4689.064888319658
12858,CW_after,logged,3,24.96139912574631,-1.81679416027265,-0.4414357135088949,8.685606789113653,4689.175604380056
12858,CW_after,logged,4,19.774922866902102,-1.7628259381386329,-0.14553929274859456,8.681525586663524,4690.021728231524
12858,CW_after,logged,5,4.842196715280124,-3.681466089197272,0.9674295234788701,8.690465779566898,4690.630346604052
12858,CW_after,right,1,27.166071933260014,-0.005252813181357396,-0.7422238100224376,8.680703782117883,4689.040412583161
12858,CW_after,right,2,22.69005363234737,-3.6911160139885624,0.1491983927305114,8.682312254859296,4689.064888319658
12858,CW_after,right,3,24.582848851313088,0.22771821840063922,-0.4414357135088949,8.685606789113653,4689.175604380056
12858,CW_after,right,4,21.61998246119947,-0.9257320068759327,-0.14553929274859456,8.681525586663524,4690.021728231524
12858,CW_after,right,5,5.744726784169416,-6.158679408563671,0.9674295234788701,8.690465779566898,4690.630346604052
12858,CW_after,trapezoid,1,27.268095859493428,-0.1888941524006782,-0.7421211843035849,8.680703782117883,4689.040412583161
12858,CW_after,trapezoid,2,22.48077504757555,-3.9816717253836487,0.14505004325496884,8.682312254859296,4689.064888319658
12858,CW_after,trapezoid,3,24.103135906200464,-0.5876229029646538,-0.40321557198279834,8.685606789113653,4689.175604380056
12858,CW_after,trapezoid,4,21.097929663215382,-1.443549346121415,-0.11939369934589195,8.681525586663524,4690.021728231524
12858,CW_after,trapezoid,5,5.5683863437431,-6.6167087037124475,0.9736412744027234,8.690465779566898,4690.630346604052
12859,CW_after,logged,1,7.138668672258973,-1.1644217456741899,0.5083186163458322,8.683921743695246,4693.262094821299
12859,CW_after,logged,2,4.074700794268324,2.013156086883896,0.16523141444554312,8.69893295617424,4696.024137911196
12859,CW_after,logged,3,5.6286083724426135,2.5551162439452355,-0.21843549632933446,8.705241506588296,4698.554131714134
12859,CW_after,logged,4,2.3563656290424433,1.2628505583083438,0.4547755507713305,8.711900713393591,4699.630883066802
12859,CW_after,logged,5,-6.357586323503483,-7.263127187640464,0.4634378845619267,8.71396306949448,4699.545765154424
12859,CW_after,right,1,6.174497840155027,-2.587751341265914,0.5083186163458322,8.683921743695246,4693.262094821299
12859,CW_after,right,2,2.5945187820977935,-0.1889295510042075,0.16523141444554312,8.69893295617424,4696.024137911196
12859,CW_after,right,3,5.887071160167352,-0.49185171402382366,-0.21843549632933446,8.705241506588296,4698.554131714134
12859,CW_after,right,4,1.3500145675557178,-1.8513816044891769,0.4547755507713305,8.711900713393591,4699.630883066802
12859,CW_after,right,5,-3.5338467153676447,-3.2759465910606878,0.4634378845619267,8.71396306949448,4699.545765154424
12859,CW_after,trapezoid,1,5.215897214809047,-2.829766800874552,0.5629753164336648,8.683921743695246,4693.262094821299
12859,CW_after,trapezoid,2,0.31743927682975936,-0.6606000386206006,0.32388164381239903,8.69893295617424,4696.024137911196
12859,CW_after,trapezoid,3,3.7852887165113316,-0.9596730928834631,-0.08017520964273217,8.705241506588296,4698.554131714134
12859,CW_after,trapezoid,4,-0.7614230763051637,-2.4079235599206754,0.6138789607395552,8.711900713393591,4699.630883066802
12859,CW_after,trapezoid,5,-5.278137615873447,-3.7464798521825173,0.6099302298921998,8.71396306949448,4699.545765154424
12860,CCW_after,logged,1,17.04658194070396,4.4263525443125324,1.3957368010133564,8.814046815558044,4728.6299401052975
12860,CCW_after,logged,2,22.212059576921888,-5.141684634831215,1.6082352747427535,8.824472216796899,4729.845487408241
12860,CCW_after,logged,3,26.258880192077186,1.7669827661446469,1.379393363798897,8.810303119601594,4728.152039032142
12860,CCW_after,logged,4,13.33671720823213,3.335896186718905,1.4985024540124527,8.811512197808057,4727.706151266204
12860,CCW_after,logged,5,14.809365569666284,-3.300741955955491,0.41956014640339845,8.80575052756814,4727.417712592476
12860,CCW_after,right,1,19.9512520057865,0.8221275088174096,1.3957368010133564,8.814046815558044,4728.6299401052975
12860,CCW_after,right,2,23.06162167507705,-2.451016877723866,1.6082352747427535,8.824472216796899,4729.845487408241
12860,CCW_after,right,3,26.05680395699676,-2.6340820630795037,1.379393363798897,8.810303119601594,4728.152039032142
12860,CCW_after,right,4,14.608064868021529,3.9221321482668827,1.4985024540124527,8.811512197808057,4727.706151266204
12860,CCW_after,right,5,12.702720410249526,-4.828849771194541,0.41956014640339845,8.80575052756814,4727.417712592476
12860,CCW_after,trapezoid,1,19.562303805886245,1.5357418851155522,1.4242383880652483,8.814046815558044,4728.6299401052975
12860,CCW_after,trapezoid,2,22.255484308141263,-2.5771248922811907,1.5662777805085852,8.824472216796899,4729.845487408241
12860,CCW_after,trapezoid,3,24.977688292910216,-2.876359406022523,1.261174509284615,8.810303119601594,4728.152039032142
12860,CCW_after,trapezoid,4,14.32873422001876,4.104194490876338,1.5016076453241567,8.811512197808057,4727.706151266204
12860,CCW_after,trapezoid,5,11.43753133918301,-4.895344685699374,0.3372567386632568,8.80575052756814,4727.417712592476
12861,CCW_after,logged,1,9.636284126371947,-6.279724555446943,0.4140775296775132,8.796785611467676,4728.446674410307
12861,CCW_after,logged,2,16.945392698423575,-0.8831268146273459,0.8577709859281413,8.810075759121293,4730.8683069103
12861,CCW_after,logged,3,21.189112819122215,-7.072837487503698,-0.07350607613170723,8.800945325863525,4728.34443952153
12861,CCW_after,logged,4,17.01760821800667,5.861089764100839,1.0826135394206062,8.793919652767018,4727.544794614452
12861,CCW_after,logged,5,18.362026305081713,-5.295360489227676,1.2098143698606805,8.807775347875694,4729.085299334696
12861,CCW_after,right,1,13.324207875302477,-5.873273479412646,0.4140775296775132,8.796785611467676,4728.446674410307
12861,CCW_after,right,2,20.544720973026074,-1.433200335328081,0.8577709859281413,8.810075759121293,4730.8683069103
12861,CCW_after,right,3,21.00824228360682,-6.533483880036208,-0.07350607613170723,8.800945325863525,4728.34443952153
12861,CCW_after,right,4,12.93959664298609,5.517865031255283,1.0826135394206062,8.793919652767018,4727.544794614452
12861,CCW_after,right,5,16.401109807263765,-4.276845063534147,1.2098143698606805,8.807775347875694,4729.085299334696
12861,CCW_after,trapezoid,1,12.210697436281976,-6.1519114677183175,0.3797361740548695,8.796785611467676,4728.446674410307
12861,CCW_after,trapezoid,2,18.82333740719207,-1.8605068065185897,0.7378514420195756,8.810075759121293,4730.8683069103
12861,CCW_after,trapezoid,3,19.377229428811575,-6.529468012052391,-0.16061154895874097,8.800945325863525,4728.34443952153
12861,CCW_after,trapezoid,4,12.059591708061703,5.376373113687926,0.9915903573522087,8.793919652767018,4727.544794614452
12861,CCW_after,trapezoid,5,15.14828013607189,-4.442035864605366,1.1206280255387355,8.807775347875694,4729.085299334696
12862,CCW_after,logged,1,13.219836359558144,-2.2013580747927293,1.6142423763834017,8.802483056706063,4727.511914648736
12862,CCW_after,logged,2,22.581199199662933,3.5918197197448336,1.9230465962568815,8.79656386078246,4728.120001370812
12862,CCW_after,logged,3,10.136148840433293,-4.724460788865599,0.3192402610387717,8.797001839908342,4728.630384743952
12862,CCW_after,logged,4,23.14505552048479,4.378357754545895,1.6372037803584476,8.794109138143252,4727.802222493887
12862,CCW_after,logged,5,16.684368855642447,-8.017637545659582,1.4511011634071451,8.811957171939953,4729.934130262656
12862,CCW_after,right,1,12.667397092238502,1.1481773699699573,1.6142423763834017,8.802483056706063,4727.511914648736
12862,CCW_after,right,2,23.042152119943125,3.1757072990689075,1.9230465962568815,8.79656386078246,4728.120001370812
12862,CCW_after,right,3,5.749490349330131,-5.984079565395756,0.3192402610387717,8.797001839908342,4728.630384743952
12862,CCW_after,right,4,24.50779006641244,2.3126014212123565,1.6372037803584476,8.794109138143252,4727.802222493887
12862,CCW_after,right,5,14.436344758913492,-2.3005051090974433,1.4511011634071451,8.811957171939953,4729.934130262656
12862,CCW_after,trapezoid,1,12.560177192539527,1.5142864940115608,1.667560298902572,8.802483056706063,4727.511914648736
12862,CCW_after,trapezoid,2,21.933413937485284,3.13151168667018,1.8357484296054736,8.79656386078246,4728.120001370812
12862,CCW_after,trapezoid,3,5.343802415936921,-5.664319936869294,0.30238921077921077,8.797001839908342,4728.630384743952
12862,CCW_after,trapezoid,4,23.57187335188962,2.3807096369119733,1.5903957689421873,8.794109138143252,4727.802222493887
12862,CCW_after,trapezoid,5,14.208385139322331,-1.7730294014963057,1.4887662999404938,8.811957171939953,4729.934130262656
