group,method,logs,mean_X_mm,mean_Y_mm,mean_heading_error_deg
CW_before,logged,3,10.843609361092717,-3.409140394991232,0.14695995277633073
CW_before,right,3,10.266764755657883,-2.6828418425341662,0.14695995277633073
CW_before,trapezoid,3,9.231658557413175,-3.122209968172706,0.2175261972422883
CCW_before,logged,3,19.362495424230374,0.6341116239345955,0.6493465243822508
CCW_before,right,3,19.374659125818344,0.9769701871782599,0.6493465243822508
CCW_before,trapezoid,3,18.606501788493453,0.9821328861404607,0.5989404450139887
CW_after,logged,3,13.496171174191257,-3.0752294161174443,0.11429515761545493
CW_after,right,3,13.157640027747053,-3.4851304344094083,0.11429515761545493
CW_after,trapezoid,3,12.207900176088522,-3.9440266187595587,0.175841583766343
CCW_after,logged,3,17.50537582869261,-1.303762240756175,1.1158021710780492
CCW_after,right,3,17.400100992343617,-1.2944483577474264,1.1158021710780492
CCW_after,trapezoid,3,16.51990200798216,-1.2484855443993215,1.0696406346681633
