log,mode,direction,interval,lap_span,X_mm,Y_mm,closure_mm,imu_minus_line_turn_error_deg,lap_time_s
12885,0,CW,1,1,13.40113548976376,-1.132399685414157,13.448894432723154,-0.06976635690775357,8.66325365484174
12885,0,CW,2,1,10.930013669921891,1.09279400963635,10.984507161096328,-0.6308875291102174,8.662900214776615
12885,0,CW,3,1,9.016537339744673,0.300470267379751,9.02154243910592,-0.16686522394786696,8.67666772178358
12885,0,CW,4,1,5.102063385635461,-4.125276888756673,6.561170642496042,0.5011893147275153,8.670455076330562
12885,0,CW,5,1,0.6609013616778157,-5.461521557373487,5.501364224583109,0.8308690397216338,8.66678744999038
12886,0,CW,1,1,12.708818810238085,-5.866412122972804,13.997459296173133,0.00493553364805166,8.622410563568776
12886,0,CW,2,1,10.861955435087225,-2.9702796731930334,11.260756511478464,-0.032394007054377116,8.61907135906445
12886,0,CW,3,1,7.240510730629126,-2.2303817988105266,7.576252279908635,0.08359551605691751,8.627465452016672
12886,0,CW,4,1,6.719086431598953,-3.152371058636163,7.421830351511953,0.17481590848297435,8.628023619989438
12886,0,CW,5,1,6.362152223060093,-7.087005454101984,9.523792690722523,0.7659175375051159,8.647176965617994
12887,0,CW,1,1,6.025030581427814,-1.3362488540955724,6.1714305073631115,0.16809538108200694,8.638080207091381
12887,0,CW,2,1,9.347979062077684,-1.3637371494306194,9.446930271669201,-0.4252563535228231,8.630347164797023
12887,0,CW,3,1,9.010747727431863,-1.2157488775559386,9.092393520998582,-0.46210334154991495,8.628935890242381
12887,0,CW,4,1,3.7288999911332894,-5.186398732949499,6.38775601921473,0.3800101506054223,8.626304677772879
12887,0,CW,5,1,4.436984048981458,-2.2192428095048626,4.9610347810164495,0.42494546252592613,8.629096405659823
12888,0,CW,1,1,8.135538010947812,0.38578253036928345,8.144679667630571,-0.4165443740600008,8.60211263122638
12888,0,CW,2,1,8.733248377707696,1.2818632811782322,8.826822797494415,-0.32526136918918525,8.611996395225002
12888,0,CW,3,1,6.986699636538219,1.3382960803110109,7.113719716841471,-0.5786010507535981,8.610381698067958
12888,0,CW,4,1,3.9202910263492186,-0.04416180529523217,3.9205397582885375,-0.16404921074958256,8.621896366920478
12888,0,CW,5,1,3.8365642404962728,-2.8573181837138577,4.783669342088414,-0.1023232838934125,8.614061257525215
12890,0,CW,1,1,7.819573425569047,-0.6117029066301143,7.843462819689106,-0.18170558730346986,8.75863340640699
12890,0,CW,2,1,6.623615369655454,-3.4447493032461693,7.465827370583312,0.014513765880521223,8.76278279398349
12890,0,CW,3,1,8.53116382146925,-3.3082082707385325,9.150136507797502,0.2542704367637141,8.759651403337038
12890,0,CW,4,1,11.529033728162517,-2.206963161243891,11.738368928441316,-0.13248322318180694,8.767864483852048
12890,0,CW,5,1,13.060303613392193,-3.1244120730748364,13.42883022740108,-0.21190185175846832,8.773983490371108
12869,0,CCW,1,1,18.471207186698166,-0.16722372605026337,18.4719641269813,0.6164434745021845,8.777784332052093
12869,0,CCW,2,1,10.303437580424884,-2.88827533583083,10.700605608528916,-0.26372043441065895,8.77953371896835
12869,0,CCW,3,1,17.316645379803504,-1.667635537271913,17.39675876406413,0.15620115333407641,8.759113472533574
12869,0,CCW,4,1,12.73846444138701,-1.6450424440625468,12.84424544172403,0.09949405453270671,8.776985613727621
12869,0,CCW,5,1,10.653333006747971,-4.508416662145223,11.568030296994145,-0.2528831844767463,8.770429337650803
12870,0,CCW,1,1,16.322194453313045,-1.3817907388750683,16.380579276014753,0.2311019339784735,8.761407376724229
12870,0,CCW,2,1,16.629908788892635,0.27319352700161303,16.632152627669218,0.3674648626894435,8.76821618658669
12870,0,CCW,3,1,9.22190222958875,-2.409634387838846,9.53151712033029,-0.022518882236837512,8.773288755724849
12870,0,CCW,4,1,15.488865169108408,-0.6203615107809597,15.501283580106456,0.15628815302211385,8.772159140347156
12870,0,CCW,5,1,19.179969824296677,-0.5760535600422401,19.188618505900013,0.23810956428539154,8.773419499222115
12871,0,CCW,1,1,8.52184407447021,-1.6832969000890188,8.68650187839917,-0.006166318119162517,8.77235229960258
12871,0,CCW,2,1,17.319338616759865,-0.8742145697486947,17.341388100032546,0.07268168235566103,8.773202721492403
12871,0,CCW,3,1,11.026982995169533,-0.17072709944351772,11.028304571340168,0.035343070516932695,8.771217743432334
12871,0,CCW,4,1,18.68869544957056,-0.8707912944135643,18.70897151329345,0.07865244922782605,8.781434045858756
12871,0,CCW,5,1,13.060280382443239,-0.5750100556343938,13.072932350169657,-0.011576399011579308,8.774917260993561
12891,0,CW,1,1,-7.072146104858007,-4.205443450674522,8.228062052833554,0.164516152228674,10.698886281813769
12891,0,CW,2,1,1.6457896115738322,-4.187848546948715,4.499633195911063,0.46395164300821046,10.699011012513896
12891,0,CW,3,1,-2.71160512614631,-4.271251987573294,5.059288082476798,-0.04592235600180139,10.756247119516818
12891,0,CW,4,1,2.940368934362482,-4.5762527030255455,5.439472242057365,0.1942457586938855,10.77028476937545
12891,0,CW,5,1,-4.5537572069112,-6.30112728473415,7.774375200485044,0.7014976745277015,10.852285160181566
12892,0,CW,1,1,2.714666612531346,-3.1483847960438993,4.15713141975964,-0.6477994826047739,5.114218779702325
12892,0,CW,2,1,3.619573557498029,-3.5078276887575726,5.040453137581306,-0.10703050220463162,5.117436477809042
12892,0,CW,3,1,7.741570116480375,0.014898519880034655,7.741584452441024,-0.8453941341007378,5.1316279156125635
12892,0,CW,4,1,1.9112879268664074,-2.457190758778495,3.1130062583316027,-0.5803564551456861,5.144304198099881
12892,0,CW,5,1,-7.178298901496873,-3.9374435943719277,8.187272877954646,0.43766060472002843,5.151574976937667
12893,0,CW,1,1,-5.241119489161974,-4.189294714774121,6.70965898588802,-0.009056292959000789,5.126406421747674
12893,0,CW,2,1,2.679563618230418,-3.546535897888475,4.444994719811903,-0.4461054617038287,5.141700828704376
12893,0,CW,3,1,-3.353896560970952,-1.4414580376825938,3.6505374146956133,0.02724355518567778,5.158650536577387
12893,0,CW,4,1,1.3930714286318562,-3.575719757648244,3.8375017642349585,-0.3475162891374679,5.167972811267287
12893,0,CW,5,1,-3.9789802399768632,-4.88244232269119,6.298454317094987,-0.00026064818654214506,5.166264894411594
12894,0,CW,1,1,-6.188269474123331,-2.9315831780645567,6.84754401331439,-0.05501842444192695,10.988384930801105
12894,0,CW,2,1,-5.545721632176992,-3.589693983695156,6.6061283152973225,0.6854047357462467,11.054672320802283
12894,0,CW,3,1,-8.761471497747152,-6.711792431164497,11.036826556799411,0.18551718433319486,11.093926768148275
12894,0,CW,4,1,-3.618016384406701,-5.860393793285425,6.887253296504614,0.6894866244744997,11.137270350138536
12894,0,CW,5,1,-3.6973022590010487,-8.169320198436026,8.96704168045343,1.0705618464243063,11.187378575390284
12895,0,CW,1,1,-1.526871934727069,-9.04446702919762,9.172443608292177,-0.2441027150185593,10.993537022321643
12895,0,CW,2,1,-4.216809270612316,-2.7924832300711273,5.057612382829515,0.21766207511491853,11.099982459823899
12895,0,CW,3,1,-11.838791375589949,0.2863265762940159,11.84225333891465,-0.5462174406092357,11.146597224601678
12895,0,CW,4,1,-4.29583802249681,-0.1954741809043412,4.300283068697865,0.9192646667241142,11.180793839102726
12895,0,CW,5,1,-0.9580712194682519,-2.8877793665349145,3.042559799142521,-0.019774521524149602,11.202215476629327
12896,0,CW,1,1,-6.360231820490412,-4.082879734723292,7.557939913666483,0.7475518433597985,11.317177285504286
12896,0,CW,2,1,-6.656000391883367,1.0254405328157077,6.734528157420748,-0.7076306967971195,11.356885073976237
12896,0,CW,3,1,-7.452541552672528,1.745255631454313,7.654168329311399,0.7965284445320191,11.390689149926377
12896,0,CW,4,1,-1.0126263021195427,-2.1917560649166035,2.4143750072934016,-0.010425873021368215,11.409144439007015
12896,0,CW,5,1,7.679225368373977,-6.421445836491387,10.010268172695026,0.1552063606478562,11.448954919451197
12897,0,CW,1,1,-4.959668304540969,2.5595361472771856,5.581176845458924,0.2627419527027124,11.460783278310078
12897,0,CW,2,1,0.3717836754697146,-3.556811763822111,3.576189735543841,0.11581703357703654,11.46079039122974
12897,0,CW,3,1,5.59953887758104,-8.516681074987048,10.192580251074016,0.26320061098812264,11.511220117578219
12897,0,CW,4,1,-7.578993709422775,-3.0281335779584992,8.161540210856634,0.19764589851591552,11.590353041942514
12897,0,CW,5,1,-5.722933002872196,0.28598205095573803,5.73007398633147,-0.3495520023225054,11.572636347354909
12898,0,CW,1,1,5.694188714093116,-2.8044775699661386,6.347352168593499,-0.15955312005943156,8.890162823436597
12898,0,CW,2,1,8.52596611838976,0.8265542863981636,8.565937791059035,-0.47689984402873886,8.87492979581375
12898,0,CW,3,1,4.777209178350063,-5.394246726691165,7.205527411795089,0.2618481415731262,8.878312304116218
12898,0,CW,4,1,3.718880371753812,-6.1983678548952525,7.228404753748544,0.7987974807196201,8.871198199205285
12899,0,CW,1,1,7.8418079599064185,-1.204235275233259,7.933733968199828,-0.5349296525658369,8.861057244446663
12899,0,CW,2,1,0.8262599388363014,-1.8801082942929384,2.0536583661346572,0.3727772181403868,8.851711221836892
12899,0,CW,3,1,6.380852506910514,-1.8213602913867817,6.635708856330779,-0.30518587042729894,8.853552768143853
12899,0,CW,4,1,7.601403268843683,0.8021023297156944,7.643605157445195,-0.5246467634145819,8.853993074074378
12900,0,CW,1,1,12.420743146542122,-1.1489639186466434,12.473771618829845,-0.4756226896303559,8.844496401001084
12900,0,CW,2,1,9.171081623764053,0.4438741916177378,9.181816946973349,-0.030546474438726712,8.848270858192159
12900,0,CW,3,1,3.1736182863418207,0.06400001814932921,3.1742635413157347,-0.7035528839556422,8.853730424886226
12900,0,CW,4,1,7.291220466964091,-1.9192774337292917,7.5395969232777,0.2930344726260481,8.839874034664497
12901,0,CW,1,1,9.884124104718808,-1.4456819629929782,9.989289547090253,-0.6006105575025655,4.637299821542402
12901,0,CW,2,1,7.129677473226707,0.29717132161022164,7.135867968693362,-0.5426185053541133,4.636774446024457
12901,0,CW,3,1,8.600918749476591,0.7216354406638175,8.631139035163322,-0.5670567674913007,4.629941842948886
12901,0,CW,4,1,6.645564977287449,0.06822933849036872,6.645915219891115,-0.6586963830971202,4.6348030657241175
12902,0,CW,1,1,10.967673635743722,1.596334826434827,11.083237336549129,-1.231025651442728,4.634864558918974
12902,0,CW,2,1,5.183145274748426,-3.232743227275705,6.10865154617972,0.3323927807744145,4.635844169465561
12902,0,CW,3,1,6.879766721128817,-2.5263802849635226,7.328969059929502,0.3336307279037758,4.633172977559129
12902,0,CW,4,1,14.701871710031696,1.082812282823113,14.741693058060289,-1.1937854810175113,4.630608352720422
12903,0,CW,1,1,3.9626028358617305,-0.7926185020147045,4.041097044679262,-0.6057057959419425,4.636196674610385
12903,0,CW,2,1,5.199313580483704,-1.1514412169700563,5.325286713815488,-0.20264652018048812,4.63372411872619
12903,0,CW,3,1,7.901212981620802,-2.6401468412159943,8.330638746465715,-0.22317544263626443,4.633740527192304
12903,0,CW,4,1,7.128223106457199,-0.687404289680444,7.161291036740609,0.018531401064752817,4.634671757107348
12904,0,CW,1,1,3.3347641040329563,-4.222575388310361,5.380594255239018,-0.14306142316015658,4.635353466229219
12904,0,CW,2,1,3.779419105721331,-3.0938721689739737,4.884265940204643,0.10493019044174723,4.634718896493941
12904,0,CW,3,1,10.985674254047012,-0.5948671065225426,11.001768298344311,-0.33284027338492495,4.636107569106516
12904,0,CW,4,1,10.150660110326498,-1.535455595336714,10.266134840368325,-0.7625054967952147,4.635250556614459
12905,0,CW,1,1,4.620509592613757,-3.798982432706964,5.981753624101537,-0.025952007540607003,4.619584680232757
12905,0,CW,2,1,7.984011866612036,-6.003020241972422,9.989028857288002,0.021207859038363086,4.61759033110143
12905,0,CW,3,1,9.999579414495884,-8.013315148454012,12.814242394119615,0.23124874583925514,4.612713428173654
12905,0,CW,4,1,-0.0004735060236953359,-7.331802171315189,7.331802186605287,-0.07742036901643301,4.612827899555022
12906,4,CW,1,2,1.9637150938702348,-1.3510765968250098,2.383607547475472,-0.9690443038783632,4.661360272781706
12906,4,CW,2,1,17.827486793567573,0.012651327515527555,17.82749128259257,2.767585515610418,4.629294090693085
12906,4,CW,3,1,-9.423252175851644,-2.4995545202970106,9.749125825920494,-1.5704601093130597,4.665382744679075
12907,4,CW,1,1,20.683448667833886,4.395078973964587,21.145254029741636,0.7917116955371366,4.620609233009421
12908,2,CW,1,1,0.9021681347888943,-22.387136331583633,22.405306971169583,0.5952548920167691,2.8492533988591213
12908,2,CW,2,1,-10.124756429618742,1.4681517071499002,10.230648180555972,-0.5241224769462576,2.861027679582925
12908,2,CW,3,1,6.828868007158235,-33.19189368560154,33.88709554823878,0.10572194804655122,2.8329474506135943
12908,2,CW,4,1,-5.209737189123189,-14.910948934551811,15.794864979117262,0.26347426775064076,2.8207580739215476
12909,2,CW,1,1,-7.62878363628397,5.646837391220174,9.491317732123202,-1.2085014165891297,3.077731461601081
12909,2,CW,2,1,-5.739687026931051,-8.829524342726472,10.531120894089097,1.2087529269225878,3.156934024459537
12909,2,CW,3,1,4.044377447127545,4.628532649080512,6.146568426239,-1.2857710314821362,2.9860408763345827
12909,2,CW,4,1,-4.187406045350826,-5.051672340652431,6.561536620788872,-0.4424878403471342,3.0066294782418144
