test,value,yi_best,rms_best,rms_at0
scale,-0.002,3.5,7.644902990351387,9.534732755458021
scale,-0.0018,3.5,7.646682392526194,9.536273014060207
scale,-0.0016,3.5,7.648462275829489,9.537813446932681
scale,-0.0014,3.5,7.650242639902492,9.539354054001421
scale,-0.0012000000000000001,3.5,7.652023484382125,9.540894835185878
scale,-0.001,3.5,7.6538048089083555,9.542435790408431
scale,-0.0007999999999999999,3.5,7.655586613121004,9.543976919591477
scale,-0.0006000000000000001,3.5,7.657368896656899,9.545518222655357
scale,-0.00039999999999999996,3.5,7.659151659156922,9.547059699522666
scale,-0.00019999999999999987,3.5,7.660934900261373,9.548601350114764
scale,0.0,3.5,7.662718619609899,9.550143174354131
scale,0.0002000000000000001,3.5,7.664502816840335,9.551685172159173
scale,0.0004000000000000002,3.5,7.666287491596936,9.553227343455614
scale,0.0006000000000000003,3.5,7.6680726435171955,9.554769688161638
scale,0.0007999999999999999,3.5,7.669858272243682,9.556312206200964
scale,0.001,3.5,7.671644377415077,9.557854897491687
scale,0.0012000000000000001,3.5,7.673430958674078,9.559397761957692
scale,0.0014000000000000002,3.5,7.675218015661511,9.560940799518832
scale,0.0016000000000000003,3.5,7.6770055480201504,9.562484010098485
scale,0.0018,3.5,7.678793555387973,9.564027393614484
scale,0.002,3.5,7.68058203741067,9.565570949989407
bias_dps,-0.3,4.0,10.817592594034423,12.58238009070414
bias_dps,-0.27499999999999997,4.0,10.441850122726496,12.230540721554368
bias_dps,-0.25,4.0,10.080411425451235,11.892281825580138
bias_dps,-0.22499999999999998,4.0,9.73487080467684,11.568795667108617
bias_dps,-0.2,4.0,9.406981259592673,11.261356311078371
bias_dps,-0.175,4.0,9.09865214852994,10.971313739945094
bias_dps,-0.15,4.0,8.811937795340423,10.700083615184425
bias_dps,-0.125,4.0,8.549013984958119,10.449131819844562
bias_dps,-0.1,4.0,8.312139326167626,10.219953052169254
bias_dps,-0.07500000000000001,4.0,8.103599116839478,10.014043031723318
bias_dps,-0.05000000000000002,4.0,7.925630888468213,9.832864360136965
bias_dps,-0.025000000000000022,3.5,7.779562042006497,9.677806751969879
bias_dps,0.0,3.5,7.662718619609899,9.550143174354131
bias_dps,0.024999999999999967,3.5,7.5817931637960205,9.450984308525479
bias_dps,0.04999999999999999,3.5,7.537942899729457,9.381234513386
bias_dps,0.07499999999999996,3.5,7.531815643271102,9.34155294179888
bias_dps,0.09999999999999998,3.5,7.56350322009115,9.332323459152612
bias_dps,0.125,3.5,7.6325347235013625,9.35363644198303
bias_dps,0.14999999999999997,3.5,7.737910735266207,9.405284421544346
bias_dps,0.175,3.5,7.878172886012467,9.486772053665634
bias_dps,0.19999999999999996,3.5,8.05149798343918,9.597339319355065
bias_dps,0.22499999999999992,3.5,8.2558036295653,9.735995494844879
bias_dps,0.24999999999999994,3.5,8.488852918170812,9.901560517923224
bias_dps,0.27499999999999997,3.5,8.748348635203461,10.092710035547732
bias_dps,0.3,3.0,9.03010854032127,10.308020620242484
