log,rows,emcStop,monotonic,max_gap_ms,CROSS,line_events,optimalTrace,git,battery,sgMarkerAtLogEnd,closureValid,closureReason,slip_rows,slip_lat_rows,sha256
12838,5590,0.00,True,6.0,6,6,0.00,c727dfb,8.35,7,0,8,0,0,89ff206b0f59b9c98c264fbb497f8a23eb1ac2b1d1595e37fd80fdf8a19d9084
12839,5590,0.00,True,6.0,6,6,0.00,c727dfb,8.32,7,0,8,0,0,d30834095a433452134df06232f112dc465a96f43bc0c4bdba7b1c40a4c61b81
12840,5590,0.00,True,6.0,6,6,0.00,c727dfb,8.29,7,0,8,0,0,028a395b539d42233b0bb7fa0a59712cefb3998404d6152c10dc3fa05bcdd83a
12841,5591,0.00,True,6.0,6,6,0.00,c727dfb,8.26,7,0,8,0,0,ed839f267e4db3ecb765bf9cfc1bd67604618f30a858a7478dfa38f5fe308332
12842,5591,0.00,True,6.0,6,6,0.00,c727dfb,8.23,7,0,8,0,0,6f025a541b6bb4ed512fef83e55cec97e21b2854be66d301a36019294d8f5281
12844,5614,0.00,True,6.0,6,6,0.00,6697266,8.17,7,1,0,0,0,88722e11d2f3e80f19aacc5ae074ef1e469d49ce73b1773546c8e2801b7a054b
12845,5613,0.00,True,6.0,6,6,0.00,6697266,8.14,7,1,0,0,0,b91d01644db3fe7e93a95dc5178213c8e536ae27c6895ed26751f202340016da
12846,5613,0.00,True,6.0,6,6,0.00,6697266,8.11,7,1,0,0,0,f31acce50602912147d3830bd1e84b344a27a7cfebf752418c3b0b090814a9e0
12847,5614,0.00,True,6.0,6,6,0.00,6697266,8.08,7,1,0,0,0,f2fe9ee5ebbf37078bd7a45bdb16b2f192c6990092d7ce64705444ccd89592c4
12848,5614,0.00,True,6.0,6,6,0.00,6697266,8.06,7,1,0,0,0,c596428eef56fe90dd1a031d7fc08ee755882f57b9fdbd8d01a431d51aac0735
