log,lap,length_mm,heading_change_deg,closure_mm
12838,1,4726.905050050074,359.27804644026634,8.967809512311709
12838,2,4724.845433809631,359.6592248062871,11.29496009737574
12838,3,4726.361390066311,359.9116724170945,3.1940732853757448
12838,4,4724.306229699359,360.3195921684369,1.149379833004015
12838,5,4726.7650865654905,359.36777422674095,13.994617720073986
12839,1,4727.036668507351,359.17245423597325,9.591432231916427
12839,2,4725.732799183991,359.5465741151828,15.189214888746836
12839,3,4727.319959905211,359.26956655322533,16.33694947992676
12839,4,4725.304647001729,359.4822627089165,18.506026998837267
12839,5,4726.913702344071,359.1693257661303,17.793152149706504
12840,1,4726.790763689085,359.7382294888312,11.694416607637875
12840,2,4726.498783666048,360.20402379682497,1.6793183286562845
12840,3,4727.410458256667,359.80074115756884,5.951524500694801
12840,4,4726.59353164347,359.69026997820913,11.179567140716797
12840,5,4726.62412032135,359.87194971702854,12.557447615699607
12841,1,4726.827167543876,359.9531194073931,6.7533878468375885
12841,2,4727.285608469371,359.68512117923103,10.63726817592732
12841,3,4726.629816587911,359.7295797874824,12.06784203541886
12841,4,4727.388195182841,359.0782972038867,16.654386505947855
12841,5,4727.6775309877885,359.546115630835,13.564725210514242
12842,1,4726.793680259334,359.74622026312255,10.100574439179125
12842,2,4726.085152707122,359.38222583858834,12.911719474448233
12842,3,4726.306557169339,359.2561077937396,16.071246702682984
12842,4,4726.894592938985,359.5385146702347,10.11458271502989
12842,5,4726.807590318396,359.3667512940619,11.386807733250025
12844,1,4748.924897246507,-359.2154653140907,18.152750927758472
12844,2,4749.571165952226,-359.3469769625907,10.74084914110804
12844,3,4748.238916240123,-359.9235439026721,3.9676460264148647
12844,4,4747.659158847369,-360.04684522010785,4.620773842477498
12844,5,4747.7121021624735,-359.9490967599161,2.909916096524879
12845,1,4748.119878688165,-360.2004641928061,10.95549521814206
12845,2,4747.830598044652,-359.8607924313993,11.54313026960323
12845,3,4747.385256866039,-360.10675850410547,5.088508572198906
12845,4,4748.160947541561,-360.05796393198284,8.853885101566
12845,5,4746.2789673849875,-359.30708378012173,12.637637418186063
12846,1,4747.449716060436,-360.13653204756486,10.562293982158767
12846,2,4748.0841658651025,-359.86199806907393,8.168972406128317
12846,3,4747.421299124349,-359.33447314174674,13.098477738683723
12846,4,4747.77445580148,-359.91416941342806,10.349118044065165
12846,5,4747.115925223887,-360.30554018097297,3.6131925796217326
12847,1,4748.092663634755,-359.97738960120796,8.465633493259928
12847,2,4748.800141504942,-360.49616012494374,6.645153986367317
12847,3,4748.118808982063,-360.01049560512746,10.865221192292534
12847,4,4748.315404209889,-360.3626236841954,7.094780675010723
12847,5,4748.511248648378,-359.43493233102504,15.56287980327485
12848,1,4748.794580324566,-359.8677135211634,8.330906027791656
12848,2,4749.4115818268065,-360.4320316235681,4.115450135014997
12848,3,4749.366623314612,-359.7175498161835,9.22031682489675
12848,4,4749.4501094342595,-360.0721399328706,6.848480126735901
12848,5,4749.088327484325,-359.36569224936045,14.524293465458351
