anchor,trim,yi,rms
marker,0,-40.0,30.772625850453498
marker,0,-39.5,30.030447380268612
marker,0,-39.0,29.2895476016527
marker,0,-38.5,28.5500292303553
marker,0,-38.0,27.812005643089694
marker,0,-37.5,27.07560227300167
marker,0,-37.0,26.340958224198943
marker,0,-36.5,25.608228145227702
marker,0,-36.0,24.877584409571277
marker,0,-35.5,24.14921966126888
marker,0,-35.0,23.423349796052808
marker,0,-34.5,22.70021746351363
marker,0,-34.0,21.9800961943871
marker,0,-33.5,21.26329527990946
marker,0,-33.0,20.550165558274852
marker,0,-32.5,19.841106297659707
marker,0,-32.0,19.136573407326043
marker,0,-31.5,18.437089259300315
marker,0,-31.0,17.74325446430426
marker,0,-30.5,17.05576201779513
marker,0,-30.0,16.375414314952657
marker,0,-29.5,15.703143624827163
marker,0,-29.0,15.040036707145191
marker,0,-28.5,14.387364336510302
marker,0,-28.0,13.746616541147729
marker,0,-27.5,13.119544318707725
marker,0,-27.0,12.508208377454947
marker,0,-26.5,11.915034932868005
marker,0,-26.0,11.342877559432486
marker,0,-25.5,10.795082257258834
marker,0,-25.0,10.275549863504619
marker,0,-24.5,9.788785339125496
marker,0,-24.0,9.339917147534209
marker,0,-23.5,8.934662503723933
marker,0,-23.0,8.579207839730353
marker,0,-22.5,8.27997290932174
marker,0,-22.0,8.043238320334085
marker,0,-21.5,7.8746462279271885
marker,0,-21.0,7.778631714976959
marker,0,-20.5,7.757892863008211
marker,0,-20.0,7.813031737867315
marker,0,-19.5,7.9424705299815335
marker,0,-19.0,8.142668751451733
marker,0,-18.5,8.40857557134481
marker,0,-18.0,8.734193146534249
marker,0,-17.5,9.113124409945307
marker,0,-17.0,9.53901886335718
marker,0,-16.5,10.005882128799406
marker,0,-16.0,10.508255600566597
marker,0,-15.5,11.041293547360501
marker,0,-15.0,11.600769897443815
marker,0,-14.5,12.183042794926681
marker,0,-14.0,12.784997728222136
marker,0,-13.5,13.403982953894376
marker,0,-13.0,14.03774538862275
marker,0,-12.5,14.684371293990136
marker,0,-12.0,15.34223363830608
marker,0,-11.5,16.009946589237245
marker,0,-11.0,16.686326823875252
marker,0,-10.5,17.370360983097136
marker,0,-10.0,18.06117847269966
marker,0,-9.5,18.758028816330807
marker,0,-9.0,19.46026282963606
marker,0,-8.5,20.16731697408283
marker,0,-8.0,20.878700342495478
marker,0,-7.5,21.59398381638773
marker,0,-7.0,22.31279101337604
marker,0,-6.5,23.034790710088004
marker,0,-6.0,23.75969048239524
marker,0,-5.5,24.487231351558776
marker,0,-5.0,25.217183263308144
marker,0,-4.5,25.949341258273726
marker,0,-4.0,26.683522217780666
marker,0,-3.5,27.41956208981331
marker,0,-3.0,28.1573135168862
marker,0,-2.5,28.896643801311335
marker,0,-2.0,29.637433154565016
marker,0,-1.5,30.37957318659772
marker,0,-1.0,31.1229655984016
marker,0,-0.5,31.86752104727525
marker,0,0.0,32.61315815924643
marker,0.03,-40.0,31.009277870827272
marker,0.03,-39.5,30.262198732626604
marker,0.03,-39.0,29.516423751615243
marker,0.03,-38.5,28.772057382699902
marker,0.03,-38.0,28.029214910443603
marker,0.03,-37.5,27.288023863948542
marker,0.03,-37.0,26.54862565332839
marker,0.03,-36.5,25.81117746799858
marker,0.03,-36.0,25.07585448524052
marker,0.03,-35.5,24.34285244755711
marker,0.03,-35.0,23.61239067967132
marker,0.03,-34.5,22.88471563115523
marker,0.03,-34.0,22.160105049266956
marker,0.03,-33.5,21.43887290939935
marker,0.03,-33.0,20.721375258551447
marker,0.03,-32.5,20.00801716150116
marker,0.03,-32.0,19.29926098110768
marker,0.03,-31.5,18.595636274659622
marker,0.03,-31.0,17.897751648563958
marker,0.03,-30.5,17.206308984600273
marker,0.03,-30.0,16.522120532035917
marker,0.03,-29.5,15.846129448420571
marker,0.03,-29.0,15.179434460976534
marker,0.03,-28.5,14.523319395750486
marker,0.03,-28.0,13.879288355761346
marker,0.03,-27.5,13.249107273579403
marker,0.03,-27.0,12.634852335511265
marker,0.03,-26.5,12.038965240249633
marker,0.03,-26.0,11.464314209951581
marker,0.03,-25.5,10.914257826001206
marker,0.03,-25.0,10.392705750754242
marker,0.03,-24.5,9.90416586539307
marker,0.03,-24.0,9.453761192534024
marker,0.03,-23.5,9.04719280187574
marker,0.03,-23.0,8.690618838261788
marker,0.03,-22.5,8.39041925329812
marker,0.03,-22.0,8.152827259011595
marker,0.03,-21.5,7.983437840167943
marker,0.03,-21.0,7.886649902282429
marker,0.03,-20.5,7.8651470832356924
marker,0.03,-20.0,7.919545286190687
marker,0.03,-19.5,8.048308000927202
marker,0.03,-19.0,8.247955245942224
marker,0.03,-18.5,8.513503438261262
marker,0.03,-18.0,8.839016590862013
marker,0.03,-17.5,9.218145696157636
marker,0.03,-17.0,9.644570926535382
marker,0.03,-16.5,10.11231159211178
marker,0.03,-16.0,10.61590858996925
marker,0.03,-15.5,11.150505193830648
marker,0.03,-15.0,11.711857415955286
marker,0.03,-14.5,12.296301535985462
marker,0.03,-14.0,12.900699460150959
marker,0.03,-13.5,13.522375689386067
marker,0.03,-13.0,14.159054201114635
marker,0.03,-12.5,14.808799712471318
marker,0.03,-12.0,15.469965333688057
marker,0.03,-11.5,16.14114716255216
marker,0.03,-11.0,16.821145577364558
marker,0.03,-10.5,17.508932604428118
marker,0.03,-10.0,18.2036245953968
marker,0.03,-9.5,18.904459440672397
marker,0.03,-9.0,19.610777601368966
marker,0.03,-8.5,20.32200632601323
marker,0.03,-8.0,21.03764650819607
marker,0.03,-7.5,21.757261727206497
marker,0.03,-7.0,22.480469090499714
marker,0.03,-6.5,23.20693156316677
marker,0.03,-6.0,23.936351525540545
marker,0.03,-5.5,24.668465346611356
marker,0.03,-5.0,25.403038799280022
marker,0.03,-4.5,26.139863174880524
marker,0.03,-4.0,26.87875198004438
marker,0.03,-3.5,27.619538119856617
marker,0.03,-3.0,28.362071488264505
marker,0.03,-2.5,29.106216900541064
marker,0.03,-2.0,29.851852313900885
marker,0.03,-1.5,30.598867291582422
marker,0.03,-1.0,31.34716167325032
marker,0.03,-0.5,32.09664442075767
marker,0.03,0.0,32.847232613382616
marker,0.05,-40.0,31.091695657156
marker,0.05,-39.5,30.344146214931563
marker,0.05,-39.0,29.597927622327237
marker,0.05,-38.5,28.853146055014008
marker,0.05,-38.0,28.109918670158585
marker,0.05,-37.5,27.368375036367997
marker,0.05,-37.0,26.628658786672684
marker,0.05,-36.5,25.890929534836438
marker,0.05,-36.0,25.155365103467666
marker,0.05,-35.5,24.422164122403426
marker,0.05,-35.0,23.691549068070273
marker,0.05,-34.5,22.96376982950911
marker,0.05,-34.0,22.239107905113276
marker,0.05,-33.5,21.517881356622535
marker,0.05,-33.0,20.80045067443639
marker,0.05,-32.5,20.08722574187625
marker,0.05,-32.0,19.378674126769862
marker,0.05,-31.5,18.675330977780796
marker,0.05,-31.0,17.977810861245725
marker,0.05,-30.5,17.28682194233651
marker,0.05,-30.0,16.603182991415387
marker,0.05,-29.5,15.92784377941892
marker,0.05,-29.0,15.261909507644402
marker,0.05,-28.5,14.606669982513019
marker,0.05,-28.0,13.963634267052374
marker,0.05,-27.5,13.334571469407322
marker,0.05,-27.0,12.721558083325304
marker,0.05,-26.5,12.12703174640933
marker,0.05,-26.0,11.553850232826745
marker,0.05,-25.5,11.005352674158745
marker,0.05,-25.0,10.485417068781137
marker,0.05,-24.5,9.998503783357652
marker,0.05,-24.0,9.549668908244369
marker,0.05,-23.5,9.144524650244197
marker,0.05,-23.0,8.789118490060664
marker,0.05,-22.5,8.489702734472573
marker,0.05,-22.0,8.252377335296796
marker,0.05,-21.5,8.082616680780179
marker,0.05,-21.0,7.984734329614093
marker,0.05,-20.5,7.96138465108141
marker,0.05,-20.0,8.013221752187176
marker,0.05,-19.5,8.138811424906848
marker,0.05,-19.0,8.334822434427094
marker,0.05,-18.5,8.596440773001493
marker,0.05,-18.0,8.917895777548084
marker,0.05,-17.5,9.292981318767408
marker,0.05,-17.0,9.715488867887407
marker,0.05,-16.5,10.179516097860667
marker,0.05,-16.0,10.679652938597027
marker,0.05,-15.5,11.211068198092365
marker,0.05,-15.0,11.769526063879102
marker,0.05,-14.5,12.351359047317402
marker,0.05,-14.0,12.953417651700377
marker,0.05,-13.5,13.573010535588876
marker,0.05,-13.0,14.207843638612786
marker,0.05,-12.5,14.85596294713482
marker,0.05,-12.0,15.51570310525298
marker,0.05,-11.5,16.185642583484327
marker,0.05,-11.0,16.864565285418294
marker,0.05,-10.5,17.55142805745962
marker,0.05,-10.0,18.245333399428027
marker,0.05,-9.5,18.945506644813467
marker,0.05,-9.0,19.651276921635265
marker,0.05,-8.5,20.362061278617595
marker,0.05,-8.0,21.077351444695406
marker,0.05,-7.5,21.796702771151445
marker,0.05,-7.0,22.519724979511842
marker,0.05,-6.5,23.246074402696834
marker,0.05,-6.0,23.97544746164806
marker,0.05,-5.5,24.707575165419943
marker,0.05,-5.0,25.44221846061189
marker,0.05,-4.5,26.17916428716092
marker,0.05,-4.0,26.918222223018198
marker,0.05,-3.5,27.65922162105854
marker,0.05,-3.0,28.402009158578185
marker,0.05,-2.5,29.146446733602158
marker,0.05,-2.0,29.892409653557756
marker,0.05,-1.5,30.639785071135254
marker,0.05,-1.0,31.388470629744862
marker,0.05,-0.5,32.13837328721468
marker,0.05,0.0,32.88940829149298
marker,0.1,-40.0,30.699246044203743
marker,0.1,-39.5,29.96797163116379
marker,0.1,-39.0,29.238134827251713
marker,0.1,-38.5,28.5098485070477
marker,0.1,-38.0,27.7832370778511
marker,0.1,-37.5,27.058437957294966
marker,0.1,-37.0,26.33560327682531
marker,0.1,-36.5,25.614901850812146
marker,0.1,-36.0,24.896521458874023
marker,0.1,-35.5,24.18067149846282
marker,0.1,-35.0,23.467586076228407
marker,0.1,-34.5,22.757527620595248
marker,0.1,-34.0,22.050791114833665
marker,0.1,-33.5,21.347709070279837
marker,0.1,-33.0,20.648657383907018
marker,0.1,-32.5,19.954062253861707
marker,0.1,-32.0,19.264408361529686
marker,0.1,-31.5,18.580248569696977
marker,0.1,-31.0,17.902215433562233
marker,0.1,-30.5,17.23103487406749
marker,0.1,-30.0,16.567542419102423
marker,0.1,-29.5,15.912702472798152
marker,0.1,-29.0,15.26763111708848
marker,0.1,-28.5,14.63362296628883
marker,0.1,-28.0,14.01218255617205
marker,0.1,-27.5,13.405060607344007
marker,0.1,-27.0,12.814295185556684
marker,0.1,-26.5,12.24225717960364
marker,0.1,-26.0,11.691698477082321
marker,0.1,-25.5,11.165799544112302
marker,0.1,-25.0,10.668210599484688
marker,0.1,-24.5,10.203077085664077
marker,0.1,-24.0,9.775035814729689
marker,0.1,-23.5,9.389163736328646
marker,0.1,-23.0,9.050858478027841
marker,0.1,-22.5,8.765631658770587
marker,0.1,-22.0,8.538806285906267
marker,0.1,-21.5,8.375130978210374
marker,0.1,-21.0,8.278354312383998
marker,0.1,-20.5,8.250832489492266
marker,0.1,-20.0,8.293256663803618
marker,0.1,-19.5,8.404569129479396
marker,0.1,-19.0,8.582091023456977
marker,0.1,-18.5,8.821827267748315
marker,0.1,-18.0,9.118873131758836
marker,0.1,-17.5,9.467836644375245
marker,0.1,-17.0,9.863209198250173
marker,0.1,-16.5,10.299647943095284
marker,0.1,-16.0,10.772162712070934
marker,0.1,-15.5,11.276219242876273
marker,0.1,-15.0,11.807778661214229
marker,0.1,-14.5,12.363293748403462
marker,0.1,-14.0,12.939679162657816
marker,0.1,-13.5,13.534268270545164
marker,0.1,-13.0,14.144765063960374
marker,0.1,-12.5,14.769196358374328
marker,0.1,-12.0,15.40586714701034
marker,0.1,-11.5,16.0533204639071
marker,0.1,-11.0,16.710302176748755
marker,0.1,-10.5,17.375730600125458
marker,0.1,-10.0,18.04867054776149
marker,0.1,-9.5,18.728311327376122
marker,0.1,-9.0,19.413948157580595
marker,0.1,-8.5,20.104966510485088
marker,0.1,-8.0,20.800828930993923
marker,0.1,-7.5,21.501063939309507
marker,0.1,-7.0,22.20525667880938
marker,0.1,-6.5,22.91304102310438
marker,0.1,-6.0,23.62409290197678
marker,0.1,-5.5,24.338124645574513
marker,0.1,-5.0,25.05488017995765
marker,0.1,-4.5,25.774130935407765
marker,0.1,-4.0,26.49567235251369
marker,0.1,-3.5,27.21932089061118
marker,0.1,-3.0,27.94491145933991
marker,0.1,-2.5,28.672295207425663
marker,0.1,-2.0,29.401337613814164
marker,0.1,-1.5,30.13191683536688
marker,0.1,-1.0,30.863922272827832
marker,0.1,-0.5,31.597253322975046
marker,0.1,0.0,32.33181828999728
line,0,-40.0,62.99901973873382
line,0,-39.5,63.7170338858534
line,0,-39.0,64.43524219390535
line,0,-38.5,65.1536366403763
line,0,-38.0,65.87220952643145
line,0,-37.5,66.5909534596369
line,0,-37.0,67.30986133776784
line,0,-36.5,68.02892633362437
line,0,-36.0,68.74814188078346
line,0,-35.5,69.46750166021893
line,0,-35.0,70.18699958773158
line,0,-34.5,70.90662980213105
line,0,-34.0,71.62638665411778
line,0,-33.5,72.34626469581944
line,0,-33.0,73.06625867093474
line,0,-32.5,73.78636350544696
line,0,-32.0,74.50657429886618
line,0,-31.5,75.22688631596925
line,0,-31.0,75.94729497900126
line,0,-30.5,76.66779586031208
line,0,-30.0,77.38838467539809
line,0,-29.5,78.10905727632337
line,0,-29.0,78.82980964549832
line,0,-28.5,79.55063788979108
line,0,-28.0,80.27153823495313
line,0,-27.5,80.9925070203385
line,0,-27.0,81.71354069389946
line,0,-26.5,82.43463580744184
line,0,-26.0,83.15578901212453
line,0,-25.5,83.876997054188
line,0,-25.0,84.5982567709
line,0,-24.5,85.31956508670372
line,0,-24.0,86.04091900955852
line,0,-23.5,86.7623156274608
line,0,-23.0,87.48375210513565
line,0,-22.5,88.20522568088928
line,0,-22.0,88.92673366361288
line,0,-21.5,89.64827342993047
line,0,-21.0,90.36984242148147
line,0,-20.5,91.09143814233197
line,0,-20.0,91.81305815650664
line,0,-19.5,92.53470008563484
line,0,-19.0,93.2563616067061
line,0,-18.5,93.97804044992718
line,0,-18.0,94.699734396677
line,0,-17.5,95.42144127755327
line,0,-17.0,96.1431589705066
line,0,-16.5,96.86488539905774
line,0,-16.0,97.58661853059236
line,0,-15.5,98.308356374732
line,0,-15.0,99.03009698177405
line,0,-14.5,99.75183844120062
line,0,-14.0,100.47357888024932
line,0,-13.5,101.19531646254718
line,0,-13.0,101.91704938680024
line,0,-12.5,102.63877588553905
line,0,-12.0,103.36049422391628
line,0,-11.5,104.08220269855387
line,0,-11.0,104.80389963643766
line,0,-10.5,105.52558339385735
line,0,-10.0,106.24725235538897
line,0,-9.5,106.96890493291852
line,0,-9.0,107.69053956470457
line,0,-8.5,108.41215471447865
line,0,-8.0,109.13374887058028
line,0,-7.5,109.8553205451263
line,0,-7.0,110.576868273213
line,0,-6.5,111.29839061214811
line,0,-6.0,112.01988614071364
line,0,-5.5,112.74135345845546
line,0,-5.0,113.46279118500127
line,0,-4.5,114.1841979594029
line,0,-4.0,114.90557243950491
line,0,-3.5,115.62691330133475
line,0,-3.0,116.34821923851736
line,0,-2.5,117.06948896171012
line,0,-2.0,117.79072119805896
line,0,-1.5,118.5119146906743
line,0,-1.0,119.23306819812532
line,0,-0.5,119.95418049395336
line,0,0.0,120.6752503662019
line,0.03,-40.0,63.51649394027927
line,0.03,-39.5,64.23720118606818
line,0.03,-39.0,64.95810989030998
line,0.03,-38.5,65.67921198055677
line,0.03,-38.0,66.40049971026461
line,0.03,-37.5,67.12196564147847
line,0.03,-37.0,67.84360262860004
line,0.03,-36.5,68.5654038031615
line,0.03,-36.0,69.2873625595334
line,0.03,-35.5,70.00947254149952
line,0.03,-35.0,70.73172762964086
line,0.03,-34.5,71.45412192947114
line,0.03,-34.0,72.17664976027173
line,0.03,-33.5,72.89930564458113
line,0.03,-33.0,73.62208429829221
line,0.03,-32.5,74.34498062131905
line,0.03,-32.0,75.06798968879336
line,0.03,-31.5,75.7911067427588
line,0.03,-31.0,76.51432718432788
line,0.03,-30.5,77.23764656627425
line,0.03,-30.0,77.96106058603132
line,0.03,-29.5,78.68456507907109
line,0.03,-29.0,79.40815601264124
line,0.03,-28.5,80.13182947983601
line,0.03,-28.0,80.85558169398229
line,0.03,-27.5,81.57940898332009
line,0.03,-27.0,82.30330778596095
line,0.03,-26.5,83.02727464510602
line,0.03,-26.0,83.75130620451057
line,0.03,-25.5,84.47539920417736
line,0.03,-25.0,85.199550476269
line,0.03,-24.5,85.92375694122303
line,0.03,-24.0,86.64801560406116
line,0.03,-23.5,87.37232355087916
line,0.03,-23.0,88.09667794550863
line,0.03,-22.5,88.8210760263403
line,0.03,-22.0,89.54551510329992
line,0.03,-21.5,90.26999255496865
line,0.03,-21.0,90.99450582583941
line,0.03,-20.5,91.71905242370221
line,0.03,-20.0,92.44362991715151
line,0.03,-19.5,93.16823593320814
line,0.03,-19.0,93.8928681550516
line,0.03,-18.5,94.61752431985447
line,0.03,-18.0,95.3422022167155
line,0.03,-17.5,96.06689968468517
line,0.03,-17.0,96.79161461087928
line,0.03,-16.5,97.51634492867629
line,0.03,-16.0,98.24108861599306
line,0.03,-15.5,98.96584369363714
line,0.03,-15.0,99.69060822372872
line,0.03,-14.5,100.41538030819214
line,0.03,-14.0,101.1401580873098
line,0.03,-13.5,101.86493973833977
line,0.03,-13.0,102.58972347418955
line,0.03,-12.5,103.31450754214625
line,0.03,-12.0,104.03929022265956
line,0.03,-11.5,104.76406982817424
line,0.03,-11.0,105.4888447020112
line,0.03,-10.5,106.2136132172937
line,0.03,-10.0,106.93837377591709
line,0.03,-9.5,107.6631248075596
line,0.03,-9.0,108.38786476873288
line,0.03,-8.5,109.11259214187045
line,0.03,-8.0,109.83730543445137
line,0.03,-7.5,110.56200317815838
line,0.03,-7.0,111.28668392806924
line,0.03,-6.5,112.01134626187842
line,0.03,-6.0,112.73598877914974
line,0.03,-5.5,113.46061010059628
line,0.03,-5.0,114.1852088673886
line,0.03,-4.5,114.90978374048814
line,0.03,-4.0,115.63433340000677
line,0.03,-3.5,116.35885654458826
line,0.03,-3.0,117.08335189081458
line,0.03,-2.5,117.80781817263276
line,0.03,-2.0,118.53225414080288
line,0.03,-1.5,119.25665856236668
line,0.03,-1.0,119.98103022013424
line,0.03,-0.5,120.70536791219023
line,0.03,0.0,121.4296704514168
line,0.05,-40.0,63.64339805501395
line,0.05,-39.5,64.3631654125013
line,0.05,-39.0,65.08313844388074
line,0.05,-38.5,65.80330897882023
line,0.05,-38.0,66.52366917708883
line,0.05,-37.5,67.24421151107938
line,0.05,-37.0,67.96492874942048
line,0.05,-36.5,68.68581394160027
line,0.05,-36.0,69.4068604035306
line,0.05,-35.5,70.12806170398386
line,0.05,-35.0,70.84941165184456
line,0.05,-34.5,71.57090428411767
line,0.05,-34.0,72.29253385464176
line,0.05,-33.5,73.01429482346174
line,0.05,-33.0,73.73618184681402
line,0.05,-32.5,74.458189767686
line,0.05,-32.0,75.18031360690965
line,0.05,-31.5,75.90254855475715
line,0.05,-31.0,76.62488996300333
line,0.05,-30.5,77.34733333742729
line,0.05,-30.0,78.06987433072433
line,0.05,-29.5,78.79250873580142
line,0.05,-29.0,79.5152324794345
line,0.05,-28.5,80.23804161626326
line,0.05,-28.0,80.96093232310342
line,0.05,-27.5,81.68390089355741
line,0.05,-27.0,82.40694373290502
line,0.05,-26.5,83.13005735325729
line,0.05,-26.0,83.85323836895869
line,0.05,-25.5,84.57648349222134
line,0.05,-25.0,85.29978952898021
line,0.05,-24.5,86.02315337495374
line,0.05,-24.0,86.74657201190031
line,0.05,-23.5,87.4700425040581
line,0.05,-23.0,88.1935619947583
line,0.05,-22.5,88.91712770320218
line,0.05,-22.0,89.64073692139239
line,0.05,-21.5,90.36438701121058
line,0.05,-21.0,91.08807540163265
line,0.05,-20.5,91.81179958607477
line,0.05,-20.0,92.53555711986264
line,0.05,-19.5,93.25934561781715
line,0.05,-19.0,93.98316275195161
line,0.05,-18.5,94.70700624927251
line,0.05,-18.0,95.43087388968033
line,0.05,-17.5,96.1547635039639
line,0.05,-17.0,96.87867297188413
line,0.05,-16.5,97.60260022034261
line,0.05,-16.0,98.32654322162965
line,0.05,-15.5,99.0504999917498
line,0.05,-15.0,99.77446858881842
line,0.05,-14.5,100.49844711152824
line,0.05,-14.0,101.22243369767968
line,0.05,-13.5,101.9464265227756
line,0.05,-13.0,102.67042379867284
line,0.05,-12.5,103.39442377229136
line,0.05,-12.0,104.11842472437662
line,0.05,-11.5,104.84242496831249
line,0.05,-11.0,105.56642284898314
line,0.05,-10.5,106.29041674168124
line,0.05,-10.0,107.01440505105963
line,0.05,-9.5,107.73838621012543
line,0.05,-9.0,108.46235867927398
line,0.05,-8.5,109.18632094536152
line,0.05,-8.0,109.91027152081347
line,0.05,-7.5,110.63420894276793
line,0.05,-7.0,111.35813177225278
line,0.05,-6.5,112.08203859339355
line,0.05,-6.0,112.80592801265273
line,0.05,-5.5,113.52979865809704
line,0.05,-5.0,114.2536491786932
line,0.05,-4.5,114.97747824362933
line,0.05,-4.0,115.70128454166289
line,0.05,-3.5,116.42506678049118
line,0.05,-3.0,117.14882368614666
line,0.05,-2.5,117.8725540024135
line,0.05,-2.0,118.59625649026536
line,0.05,-1.5,119.31992992732445
line,0.05,-1.0,120.04357310733849
line,0.05,-0.5,120.76718483967811
line,0.05,0.0,121.49076394885083
line,0.1,-40.0,62.625169933314965
line,0.1,-39.5,63.32566348710707
line,0.1,-39.0,64.02637142599973
line,0.1,-38.5,64.72728514218417
line,0.1,-38.0,65.42839637530027
line,0.1,-37.5,66.12969719425115
line,0.1,-37.0,66.83117998013806
line,0.1,-36.5,67.5328374102361
line,0.1,-36.0,68.23466244293893
line,0.1,-35.5,68.93664830360274
line,0.1,-35.0,69.63878847123146
line,0.1,-34.5,70.34107666594343
line,0.1,-34.0,71.04350683716657
line,0.1,-33.5,71.74607315251602
line,0.1,-33.0,72.44876998730601
line,0.1,-32.5,73.1515919146568
line,0.1,-32.0,73.85453369615571
line,0.1,-31.5,74.55759027303884
line,0.1,-31.0,75.2607567578582
line,0.1,-30.5,75.96402842660486
line,0.1,-30.0,76.6674007112591
line,0.1,-29.5,77.37086919273992
line,0.1,-29.0,78.07442959423109
line,0.1,-28.5,78.77807777485923
line,0.1,-28.0,79.48180972370304
line,0.1,-27.5,80.18562155411372
line,0.1,-27.0,80.88950949832807
line,0.1,-26.5,81.59346990235636
line,0.1,-26.0,82.29749922113007
line,0.1,-25.5,83.00159401389223
line,0.1,-25.0,83.7057509398191
line,0.1,-24.5,84.40996675385696
line,0.1,-24.0,85.11423830276435
line,0.1,-23.5,85.81856252134622
line,0.1,-23.0,86.52293642887034
line,0.1,-22.5,87.22735712565536
line,0.1,-22.0,87.93182178982116
line,0.1,-21.5,88.63632767419257
line,0.1,-21.0,89.3408721033481
line,0.1,-20.5,90.0454524708059
line,0.1,-20.0,90.75006623633965
line,0.1,-19.5,91.45471092341684
line,0.1,-19.0,92.15938411675462
line,0.1,-18.5,92.86408345998456
line,0.1,-18.0,93.56880665342312
line,0.1,-17.5,94.27355145194053
line,0.1,-17.0,94.9783156629243
line,0.1,-16.5,95.6830971443317
line,0.1,-16.0,96.3878938028268
line,0.1,-15.5,97.09270359199893
line,0.1,-15.0,97.7975245106563
line,0.1,-14.5,98.50235460119355
line,0.1,-14.0,99.20719194802697
line,0.1,-13.5,99.91203467609766
line,0.1,-13.0,100.61688094943467
line,0.1,-12.5,101.32172896977944
line,0.1,-12.0,102.02657697526645
line,0.1,-11.5,102.73142323915732
line,0.1,-11.0,103.43626606862709
line,0.1,-10.5,104.14110380359912
line,0.1,-10.0,104.84593481562673
line,0.1,-9.5,105.55075750681912
line,0.1,-9.0,106.2555703088104
line,0.1,-8.5,106.96037168176888
line,0.1,-8.0,107.66516011344477
line,0.1,-7.5,108.36993411825497
line,0.1,-7.0,109.07469223640378
line,0.1,-6.5,109.77943303303621
line,0.1,-6.0,110.48415509742459
line,0.1,-5.5,111.18885704218516
line,0.1,-5.0,111.89353750252464
line,0.1,-4.5,112.59819513551452
line,0.1,-4.0,113.3028286193932
line,0.1,-3.5,114.00743665289231
line,0.1,-3.0,114.71201795458947
line,0.1,-2.5,115.41657126228357
line,0.1,-2.0,116.12109533239287
line,0.1,-1.5,116.82558893937546
line,0.1,-1.0,117.53005087516914
line,0.1,-0.5,118.2344799486528
line,0.1,0.0,118.93887498512582
