board,ref,X_mm,height_mm,forward_mm
side_390597,U1,-56.1452590148194,3.3990284335804777,38.32556852402266
side_390597,U2,-73.46576709050822,3.3990284335804786,48.32556852402254
side_390596,U1,56.14525901481943,0.9040284335804771,38.32556852402264
side_390596,U2,73.46576709050825,0.904028433580478,48.32556852402253
line,Q5,-27.289999999999985,2.0900000000000003,86.57170007098193
line,Q8,35.04000000000002,2.0900000000000003,81.03170007098201
line,Q2,9.490000000000007,2.0900000000000003,93.15170007098196
line,Q4,18.68000000000001,2.0900000000000003,90.65170007098196
line,Q3,-18.67999999999999,2.0900000000000003,90.65170007098193
line,Q1,-9.499999999999993,2.0900000000000003,93.15170007098193
line,Q7,-35.049999999999976,2.0900000000000003,81.03170007098196
line,Q9,-41.69999999999998,2.0900000000000003,74.22170007098197
line,Q6,27.290000000000013,2.0900000000000003,86.57170007098199
line,Q10,41.700000000000024,2.0900000000000003,74.22170007098202
