path,name,solid,npoints,xmin,xmax,ymin,ymax,zmin,zmax
root/390591:BT2.0 Connector_male,BT2.0 Connector_male,305031,40,-28.04436368688512,-19.044363686885116,7.5499999999998515,8.849999999999987,15.33330993517875,16.93330993517875
root/390591:BT2.0 Connector_male,BT2.0 Connector_male,63745,40,-28.044363686885127,-19.04436368688512,5.54999999999996,6.850000000000074,15.333309935178715,16.933309935178716
root/390591:BT2.0 Connector_male,BT2.0 Connector_male,77369,107,-28.14436368688513,-21.944363686885065,4.299999999999965,10.100000000000001,13.783309935178753,18.233309935178735
root/390577:spacer_wheel_14,spacer_wheel_14,174601,16,-43.4,-42.0,5.015213925422936,11.484786074577057,-7.25125634341707,-3.5087599165015906
root/390581:tire_miniZ,tire_miniZ,74778,8,48.800000000000004,60.300000000000004,8.249999999999996,8.249999999999998,-16.345232531904664,6.654767468095336
root/390578:spacer_wheel_14,spacer_wheel_14,174601,16,-43.4,-42.0,4.890079536441771,11.609920463558222,18.3752699617972,21.825505280640805
root/390575:wheel_gear,wheel_gear,297254,722,-60.30000000000001,-44.00000000000001,-1.2454591638251333,17.74545916382513,11.349773461598527,30.345232625423595
root/390571:SMF85,SMF85,318128,28,-56.10000000000001,-54.10000000000001,3.743224217935764,12.75677578206423,18.98322930352798,22.707235947323202
root/390583:tire_miniZ,tire_miniZ,74778,8,-60.30000000000001,-48.80000000000001,8.249999999999996,8.249999999999998,9.34523262542559,32.345232625425595
root/390576:wheel_gear,wheel_gear,297254,722,-60.30000000000001,-44.00000000000001,-1.2482332895381258,17.748233289538835,-14.343465821445061,4.653000757631811
root/390584:tire_miniZ,tire_miniZ,74778,8,-60.30000000000001,-48.80000000000001,8.249999999999996,8.249999999999998,-16.345232531904664,6.654767468095336
root/390557:DCX10L/390604:DCX10L.stp/390612:0-7.stp,0-7.stp,62423,20,-41.0,-15.8,4.999999999999984,4.9999999999999885,3.000000046760464,13.000000046760464
root/390557:DCX10L/390604:DCX10L.stp/390608:0-3.stp,0-3.stp,43464,12,-20.09,-14.524000000000001,4.464999999999987,4.464999999999997,11.365000046760464,38.00000004676046
root/390557:DCX10L/390604:DCX10L.stp/390608:0-3.stp,0-3.stp,61145,12,-20.09,-14.524000000000001,5.534999999999987,5.5349999999999975,11.365000046760464,38.00000004676046
root/390557:DCX10L/390604:DCX10L.stp/390605:0-0.stp,0-0.stp,338188,26,-7.030000000000001,-5.200000000000003,0.12974123110918523,9.870258768890785,3.000000046760464,13.000000046760464
root/390557:DCX10L/390604:DCX10L.stp/390607:0-2.stp,0-2.stp,185772,44,-15.8,-13.8,0.2595490720818354,9.740450927918136,3.1520623408414448,12.740450974678614
root/390557:DCX10L/390604:DCX10L.stp/390609:0-4.stp,0-4.stp,70903,28,-16.75,-15.100000000000001,8.849999999999985,9.899999999999984,6.625000046760462,9.375000046760462
root/390557:DCX10L/390604:DCX10L.stp/390609:0-4.stp,0-4.stp,301768,28,-16.75,-15.100000000000001,0.09999999999998632,1.1499999999999861,6.625000046760466,9.375000046760466
root/390557:DCX10L/390604:DCX10L.stp/390609:0-4.stp,0-4.stp,184467,820,-16.75,-15.100000000000001,0.5395487896399844,9.460451210359988,4.212725604211464,12.900000046760464
root/390557:DCX10L/390604:DCX10L.stp/390611:0-6.stp,0-6.stp,52711,38,-43.35,-39.4,4.999999999999984,4.9999999999999885,3.0500000467604638,12.950000046760465
root/390557:DCX10L/390604:DCX10L.stp/390606:0-1.stp,0-1.stp,182502,24,-13.8,-7.030000000000001,1.9439177569066874,8.056082243018274,3.000000046760464,13.000000046760464
root/390557:DCX10L/390604:DCX10L.stp/390610:0-5.stp,0-5.stp,57904,38,-46.6,-39.15,4.249999999999986,5.749999999999986,6.900000046760464,9.100000046760464
root/390557:DCX10L/390604:DCX10L.stp/390610:0-5.stp,0-5.stp,203249,50,-41.15,-39.15,4.999999999999985,4.999999999999987,6.000000046760464,10.000000046760464
root/390562:SMF85,SMF85,318128,28,43.4,45.4,7.446126028885648,9.053873971114346,16.035672254755184,25.654792996096
root/390567:wheel_end,wheel_end,183829,26,54.50000000000001,61.300000000000004,7.614438082858413,8.885561917141581,-14.82501514724651,5.134550083437183
root/390589:axial_wheelLR,axial_wheelLR,304390,28,-55.999999999999986,56.0,6.2499999999999964,10.249999999999996,-7.3452325319046405,-2.3452325319046405
root/390556:DCX10L/390604:DCX10L.stp/390612:0-7.stp,0-7.stp,62423,20,15.8,41.0,4.999999999999989,5.000000000000002,3.000000046760464,13.000000046760464
root/390556:DCX10L/390604:DCX10L.stp/390608:0-3.stp,0-3.stp,43464,12,14.524000000000001,20.09,5.534999999999961,5.534999999999991,11.365000046760464,38.00000004676046
root/390556:DCX10L/390604:DCX10L.stp/390608:0-3.stp,0-3.stp,61145,12,14.524000000000001,20.09,4.464999999999961,4.464999999999992,11.365000046760464,38.00000004676046
root/390556:DCX10L/390604:DCX10L.stp/390605:0-0.stp,0-0.stp,338188,26,5.200000000000003,7.030000000000001,0.1297412311091941,9.870258768890796,3.000000046760464,13.000000046760464
root/390556:DCX10L/390604:DCX10L.stp/390607:0-2.stp,0-2.stp,185772,44,13.8,15.8,0.2595490720818443,9.740450927918147,3.152062340841444,12.740450974678616
root/390556:DCX10L/390604:DCX10L.stp/390609:0-4.stp,0-4.stp,70903,28,15.100000000000001,16.75,0.09999999999999609,1.1499999999999972,6.625000046760459,9.375000046760459
root/390556:DCX10L/390604:DCX10L.stp/390609:0-4.stp,0-4.stp,301768,28,15.100000000000001,16.75,8.849999999999994,9.899999999999995,6.625000046760468,9.37500004676047
root/390556:DCX10L/390604:DCX10L.stp/390609:0-4.stp,0-4.stp,184467,820,15.100000000000001,16.75,0.5395487896399933,9.460451210359999,4.212725604211464,12.900000046760464
root/390556:DCX10L/390604:DCX10L.stp/390611:0-6.stp,0-6.stp,52711,38,39.4,43.35,4.999999999999989,5.000000000000001,3.0500000467604638,12.950000046760465
root/390556:DCX10L/390604:DCX10L.stp/390606:0-1.stp,0-1.stp,182502,24,7.030000000000001,13.8,1.94391775698171,8.056082243093291,3.000000046760464,13.000000046760464
root/390556:DCX10L/390604:DCX10L.stp/390610:0-5.stp,0-5.stp,57904,38,39.15,46.6,4.249999999999996,5.749999999999996,6.900000046760464,9.100000046760464
root/390556:DCX10L/390604:DCX10L.stp/390610:0-5.stp,0-5.stp,203249,50,39.15,41.15,4.999999999999993,4.999999999999998,6.000000046760464,10.000000046760464
root/390573:wheel_end,wheel_end,183829,26,-61.300000000000004,-54.50000000000001,8.00012210012938,8.499877899870613,10.845232625425592,30.84523262542559
root/390579:SMF85,SMF85,318128,28,-45.4,-43.4,7.446126028885647,9.053873971114346,16.035672254755184,25.654792996096
root/390597:robotrace_v2_Sidemarker,robotrace_v2_Sidemarker,202579,60,-76.50942043845558,-48.89468372870678,0.9040284335804775,1.8140284335804782,40.38778092772685,59.9499587542178
root/390597:robotrace_v2_Sidemarker,robotrace_v2_Sidemarker,190918,28,-75.26301027694183,-71.31852390407468,1.8990284335804781,3.399028433580478,54.30643427567403,58.344702865892025
root/390597:robotrace_v2_Sidemarker,robotrace_v2_Sidemarker,37631,44,-62.88958430093206,-61.3967639779045,1.8990284335804777,2.349028433580478,48.04405451246452,49.82969515851963
root/390597:robotrace_v2_Sidemarker,robotrace_v2_Sidemarker,329135,48,-65.18025670171772,-64.24724399982551,1.899028433580478,2.399028433580478,49.92649353080799,51.04251893459244
root/390597:robotrace_v2_Sidemarker,robotrace_v2_Sidemarker,340128,48,-66.21948718625902,-65.2864744843668,1.899028433580478,2.399028433580478,50.52649353080797,51.64251893459242
root/390597:robotrace_v2_Sidemarker,robotrace_v2_Sidemarker,67636,44,-64.27522494698715,-62.78240462395959,1.8990284335804777,2.349028433580478,48.84405451246452,50.629695158519624
root/390597:robotrace_v2_Sidemarker,robotrace_v2_Sidemarker,196774,44,-67.73932656212492,-66.24650623909736,1.899028433580478,2.349028433580478,50.84405451246449,52.629695158519596
root/390597:robotrace_v2_Sidemarker,robotrace_v2_Sidemarker,331073,44,-69.13121720818006,-67.63839688515245,1.8990284335804781,2.349028433580478,51.63322919491718,53.418869840972285
root/390597:robotrace_v2_Sidemarker,robotrace_v2_Sidemarker,170025,28,-57.94250220125298,-53.99801582838586,1.8990284335804777,3.3990284335804772,44.30643427567414,48.344702865892124
root/390559:sidemarkermount,sidemarkermount,336263,99,-79.2797752715844,-22.649277669516746,-1.0,4.0,24.883454315688855,61.94369927560334
root/390570:SMF85,SMF85,318128,28,54.10000000000001,56.10000000000001,3.7432242179357633,12.75677578206423,18.98322930352798,22.707235947323202
root/390560:\X2\ff90ff97ff70\X0\sidemarkermount,\X2\ff90ff97ff70\X0\sidemarkermount,290143,99,22.649277669516746,79.2797752715844,-1.0,4.0,24.883454315688855,61.94369927560334
root/390585:robotrace_v2_main_v2,robotrace_v2_main_v2,334298,152,-24.003332,23.998334,0.9750000000000175,2.4850000000000176,-39.00306188225743,-9.003061882257427
root/390585:robotrace_v2_main_v2,robotrace_v2_main_v2,303730,48,-1.3216660000000218,-0.32166600000002177,0.39000000000001755,0.8900000000000176,-37.25306188225743,-36.75306188225743
root/390585:robotrace_v2_main_v2,robotrace_v2_main_v2,342720,36,15.748334,18.248334,-0.11999999999998245,0.8900000000000176,-31.353061882257435,-26.653061882257433
root/390585:robotrace_v2_main_v2,robotrace_v2_main_v2,55944,1714,-6.872905862499351,7.07123986249934,-0.609999999999982,0.8900000000000173,-28.936315744756797,-14.992170019758078
root/390585:robotrace_v2_main_v2,robotrace_v2_main_v2,57258,44,3.9983339999999714,4.798334000000011,0.4400000000000175,0.8900000000000176,-11.628061882257427,-10.028061882257447
root/390585:robotrace_v2_main_v2,robotrace_v2_main_v2,186399,44,-1.101666000000023,-0.3016659999999831,0.4400000000000175,0.8900000000000176,-11.628061882257427,-10.028061882257447
root/390585:robotrace_v2_main_v2,robotrace_v2_main_v2,326562,44,0.5983339999999657,1.398333999999977,0.4400000000000175,0.8900000000000176,-11.628061882257427,-10.028061882257447
root/390585:robotrace_v2_main_v2,robotrace_v2_main_v2,164861,198,14.348333999999994,16.44833399999999,-0.20999999999998253,0.8900000000000174,-20.95306188225743,-18.95306188225743
root/390585:robotrace_v2_main_v2,robotrace_v2_main_v2,38300,68,10.94833399999996,15.248334,-0.6099999999999824,0.8900000000000176,-33.65306188225743,-26.353061882257435
root/390585:robotrace_v2_main_v2,robotrace_v2_main_v2,194813,48,-2.6319960858899094,-1.571335914110108,0.39000000000001767,0.8900000000000176,-30.63339196814735,-29.57273179636752
root/390585:robotrace_v2_main_v2,robotrace_v2_main_v2,68933,48,6.748333999999971,8.748333999999971,-0.35999999999998245,0.8900000000000176,-34.52806188225743,-33.27806188225743
root/390585:robotrace_v2_main_v2,robotrace_v2_main_v2,172644,48,-3.7319960858899037,-2.6713359141101023,0.39000000000001767,0.8900000000000176,-14.533391968147356,-13.472731796367512
root/390585:robotrace_v2_main_v2,robotrace_v2_main_v2,300468,44,-2.8016660000000115,-2.001666,0.4400000000000175,0.8900000000000176,-11.628061882257427,-10.028061882257447
root/390585:robotrace_v2_main_v2,robotrace_v2_main_v2,173314,48,-7.931996085889921,-6.871335914110119,0.39000000000001767,0.8900000000000176,-18.433391968147347,-17.372731796367518
root/390585:robotrace_v2_main_v2,robotrace_v2_main_v2,312947,48,6.748333999999971,8.748333999999971,-0.35999999999998245,0.8900000000000176,-38.52806188225743,-37.27806188225743
root/390585:robotrace_v2_main_v2,robotrace_v2_main_v2,183160,68,-18.751666,-14.451665999999989,-0.6099999999999824,0.8900000000000176,-32.553061882257424,-25.253061882257427
root/390585:robotrace_v2_main_v2,robotrace_v2_main_v2,159694,48,7.868003914110091,8.928664085889892,0.39000000000001767,0.8900000000000176,-16.63339196814735,-15.57273179636752
root/390585:robotrace_v2_main_v2,robotrace_v2_main_v2,295308,48,6.748333999999971,8.748333999999971,-0.35999999999998245,0.8900000000000176,-36.52806188225743,-35.27806188225743
root/390585:robotrace_v2_main_v2,robotrace_v2_main_v2,198065,44,2.298333999999983,3.098333999999994,0.4400000000000175,0.8900000000000176,-11.628061882257427,-10.028061882257447
root/390585:robotrace_v2_main_v2,robotrace_v2_main_v2,44770,44,-6.201666000000046,-5.401666000000006,0.4400000000000175,0.8900000000000176,-11.628061882257427,-10.028061882257447
root/390585:robotrace_v2_main_v2,robotrace_v2_main_v2,335598,44,7.398333999999977,8.198333999999988,0.4400000000000175,0.8900000000000176,-11.628061882257427,-10.028061882257447
root/390585:robotrace_v2_main_v2,robotrace_v2_main_v2,76083,44,5.6983339999999885,6.498334,0.4400000000000175,0.8900000000000176,-11.628061882257427,-10.028061882257447
root/390585:robotrace_v2_main_v2,robotrace_v2_main_v2,51417,48,8.36800391411009,9.428664085889892,0.39000000000001767,0.8900000000000176,-24.13339196814735,-23.07273179636752
root/390585:robotrace_v2_main_v2,robotrace_v2_main_v2,79948,44,-4.501666000000029,-3.701666000000017,0.4400000000000175,0.8900000000000176,-11.628061882257427,-10.028061882257447
root/390585:robotrace_v2_main_v2,robotrace_v2_main_v2,70214,48,3.548334000000011,4.048334000000011,0.39000000000001755,0.8900000000000176,-14.403061882257433,-13.403061882257433
root/390585:robotrace_v2_main_v2,robotrace_v2_main_v2,78675,48,8.268003914110068,9.32866408588987,0.39000000000001767,0.8900000000000176,-21.933391968147347,-20.872731796367518
root/390585:robotrace_v2_main_v2,robotrace_v2_main_v2,316187,44,8.268003914110068,9.32866408588987,0.5400000000000176,0.8900000000000176,-26.033391968147342,-24.972731796367512
root/390585:robotrace_v2_main_v2,robotrace_v2_main_v2,63082,48,-8.93199608588992,-7.871335914110119,0.39000000000001767,0.8900000000000176,-19.433391968147347,-18.372731796367518
root/390585:robotrace_v2_main_v2,robotrace_v2_main_v2,168093,44,-7.901666000000006,-7.1016659999999945,0.4400000000000175,0.8900000000000176,-11.628061882257427,-10.028061882257447
root/390585:robotrace_v2_main_v2,robotrace_v2_main_v2,167487,198,-16.151666000000006,-14.051666000000012,-0.20999999999998253,0.8900000000000174,-21.20306188225743,-19.20306188225743
root/390585:robotrace_v2_main_v2,robotrace_v2_main_v2,315543,44,-16.601665999999994,-16.001666,2.5700000000000176,2.8000000000000176,-22.853061882257435,-22.55306188225744
root/390585:robotrace_v2_main_v2,robotrace_v2_main_v2,41533,48,-2.501666,-1.5016660000000002,2.5700000000000176,3.0700000000000176,-17.75306188225744,-17.25306188225744
root/390585:robotrace_v2_main_v2,robotrace_v2_main_v2,303066,44,-8.246666000000005,-7.64666600000001,2.5700000000000176,2.8000000000000176,-15.553061882257424,-15.253061882257441
root/390585:robotrace_v2_main_v2,robotrace_v2_main_v2,305701,48,-11.701666000000017,-10.701666000000017,2.5700000000000176,3.0700000000000176,-19.653061882257433,-19.153061882257433
root/390585:robotrace_v2_main_v2,robotrace_v2_main_v2,171344,44,-14.601665999999994,-14.001666,2.5700000000000176,2.8000000000000176,-22.853061882257435,-22.55306188225744
root/390585:robotrace_v2_main_v2,robotrace_v2_main_v2,325248,44,-8.246666000000005,-7.64666600000001,2.5700000000000176,2.8000000000000176,-16.25306188225744,-15.953061882257444
root/390585:robotrace_v2_main_v2,robotrace_v2_main_v2,329761,288,-1.9016660000000059,1.2983339999999828,2.5700000000000176,3.1700000000000172,-29.303061882257424,-27.703061882257444
root/390585:robotrace_v2_main_v2,robotrace_v2_main_v2,324611,148,-9.801666000000012,-6.201666000000017,2.5700000000000176,6.890000000000017,-25.903061882257433,-20.90306188225742
root/390585:robotrace_v2_main_v2,robotrace_v2_main_v2,321361,148,6.3983340000000055,9.998333999999971,2.5700000000000176,6.890000000000017,-25.903061882257433,-20.90306188225742
root/390585:robotrace_v2_main_v2,robotrace_v2_main_v2,40240,208,-15.701666000000017,-12.101666000000023,2.5700000000000176,6.890000000000017,-37.80306188225744,-29.803061882257424
root/390585:robotrace_v2_main_v2,robotrace_v2_main_v2,306335,48,14.848333999999966,15.348333999999966,2.5700000000000176,3.0700000000000176,-35.40306188225743,-34.40306188225743
root/390585:robotrace_v2_main_v2,robotrace_v2_main_v2,81227,44,16.798333999999983,17.398333999999977,2.5700000000000176,2.8000000000000176,-22.853061882257435,-22.55306188225744
root/390585:robotrace_v2_main_v2,robotrace_v2_main_v2,192224,44,-7.651666000000006,-7.151666000000006,2.5700000000000176,2.9200000000000177,-19.55306188225744,-18.55306188225744
root/390585:robotrace_v2_main_v2,robotrace_v2_main_v2,314232,48,8.598333999999994,9.598333999999994,2.5700000000000176,3.0700000000000176,-32.225061882257435,-31.725061882257435
root/390585:robotrace_v2_main_v2,robotrace_v2_main_v2,299850,48,8.15983399999999,8.65983399999999,2.5700000000000176,3.0700000000000176,-28.303061882257424,-27.303061882257424
root/390585:robotrace_v2_main_v2,robotrace_v2_main_v2,36982,44,-13.551666000000012,-13.051666000000012,2.5700000000000176,2.9200000000000177,-26.493061882257436,-25.493061882257436
root/390585:robotrace_v2_main_v2,robotrace_v2_main_v2,201295,48,5.498333999999971,6.498333999999971,2.5700000000000176,3.0700000000000176,-32.95306188225743,-32.45306188225743
root/390585:robotrace_v2_main_v2,robotrace_v2_main_v2,170688,122,18.773333999999977,26.673333999999983,-1.0299999999999825,7.370000000000017,-32.21306188225742,-24.81306188225743
root/390585:robotrace_v2_main_v2,robotrace_v2_main_v2,54009,122,18.773333999999977,26.673333999999983,-1.0299999999999825,7.370000000000017,-23.803061882257424,-16.403061882257433
root/390585:robotrace_v2_main_v2,robotrace_v2_main_v2,175875,48,16.44833399999999,16.94833399999999,2.5700000000000176,3.0700000000000176,-12.603061882257435,-11.603061882257435
root/390585:robotrace_v2_main_v2,robotrace_v2_main_v2,40870,44,-15.55166600000004,-15.251666,2.5700000000000176,2.8000000000000176,-17.20306188225743,-16.603061882257435
root/390585:robotrace_v2_main_v2,robotrace_v2_main_v2,313607,44,17.498334,18.498334,2.5700000000000176,2.9200000000000177,-33.55306188225744,-33.05306188225744
root/390585:robotrace_v2_main_v2,robotrace_v2_main_v2,45423,440,-10.701666000000017,-7.501666000000029,2.5700000000000176,5.070000000000017,-38.30282923616542,-33.70329452834943
root/390585:robotrace_v2_main_v2,robotrace_v2_main_v2,206489,44,-16.55166600000001,-16.05166600000001,2.5700000000000176,2.9200000000000177,-17.60306188225742,-16.60306188225742
root/390585:robotrace_v2_main_v2,robotrace_v2_main_v2,330427,128,8.382333999999986,11.48233399999998,2.5700000000000176,3.470000000000017,-31.22806188225742,-28.628061882257427
root/390585:robotrace_v2_main_v2,robotrace_v2_main_v2,208440,48,-7.951666000000017,-7.451666000000017,2.5700000000000176,3.0700000000000176,-14.303061882257424,-13.303061882257424
root/390585:robotrace_v2_main_v2,robotrace_v2_main_v2,328489,48,-13.701666000000017,-12.701666000000017,2.5700000000000176,3.0700000000000176,-16.95306188225743,-16.45306188225743
root/390585:robotrace_v2_main_v2,robotrace_v2_main_v2,60493,44,3.9483339999999885,4.248334,2.5700000000000176,2.8000000000000176,-21.803061882257424,-21.20306188225743
root/390585:robotrace_v2_main_v2,robotrace_v2_main_v2,53360,44,16.148334000000006,16.648334000000006,2.5700000000000176,2.9200000000000177,-17.60306188225742,-16.60306188225742
root/390585:robotrace_v2_main_v2,robotrace_v2_main_v2,203890,1756,-6.150833000000006,6.349166999999994,2.5500000000000176,4.450000000000017,-14.853061882257435,-9.553061882257424
root/390585:robotrace_v2_main_v2,robotrace_v2_main_v2,207143,48,0.9983339999999714,1.9983339999999714,2.5700000000000176,3.0700000000000176,-17.75306188225744,-17.25306188225744
root/390585:robotrace_v2_main_v2,robotrace_v2_main_v2,187053,440,4.898333999999977,8.098333999999966,2.5700000000000176,5.070000000000017,-38.30282923616542,-33.70329452834943
root/390585:robotrace_v2_main_v2,robotrace_v2_main_v2,67003,72,-11.301666000000012,-9.701666000000017,2.5700000000000176,3.2300000000000173,-16.138061882257432,-15.268061882257427
root/390585:robotrace_v2_main_v2,robotrace_v2_main_v2,192864,48,11.348333999999966,11.848333999999966,2.5700000000000176,3.0700000000000176,-19.92306188225743,-18.92306188225743
root/390585:robotrace_v2_main_v2,robotrace_v2_main_v2,301122,44,10.498333999999971,11.498334,2.5700000000000176,2.9200000000000177,-32.225061882257435,-31.725061882257435
root/390585:robotrace_v2_main_v2,robotrace_v2_main_v2,200636,72,11.141334,14.241333999999995,2.5700000000000176,3.320000000000017,-36.70306188225743,-33.70306188225743
root/390585:robotrace_v2_main_v2,robotrace_v2_main_v2,317491,44,14.348333999999966,14.648334000000006,2.5700000000000176,2.8000000000000176,-17.20306188225743,-16.603061882257435
root/390585:robotrace_v2_main_v2,robotrace_v2_main_v2,61779,288,-5.701666000000017,-2.5016660000000286,2.5700000000000176,3.1700000000000172,-29.303061882257424,-27.703061882257444
root/390585:robotrace_v2_main_v2,robotrace_v2_main_v2,187706,44,14.098333999999994,14.698333999999988,2.5700000000000176,2.8000000000000176,-22.853061882257435,-22.55306188225744
root/390585:robotrace_v2_main_v2,robotrace_v2_main_v2,320701,108,-17.05166600000001,-14.551666000000012,2.5700000000000176,3.7700000000000173,-28.603061882257435,-25.603061882257435
root/390585:robotrace_v2_main_v2,robotrace_v2_main_v2,69578,48,-8.701666000000017,-7.701666000000017,2.5700000000000176,3.0700000000000176,-33.05306188225744,-32.553061882257424
root/390585:robotrace_v2_main_v2,robotrace_v2_main_v2,72838,288,1.898333999999977,5.098333999999966,2.5700000000000176,3.1700000000000172,-29.303061882257424,-27.703061882257444
root/390585:robotrace_v2_main_v2,robotrace_v2_main_v2,201931,92,5.945833999999991,7.545833999999985,2.5700000000000176,3.8300000000000174,-31.70306188225743,-27.903061882257433
root/390585:robotrace_v2_main_v2,robotrace_v2_main_v2,198729,48,15.19833399999996,15.998334,2.5700000000000176,3.3700000000000174,-28.64056188225743,-27.040561882257435
root/390585:robotrace_v2_main_v2,robotrace_v2_main_v2,75423,92,-9.301666000000012,-7.701666000000017,2.5700000000000176,3.8300000000000174,-31.403061882257433,-27.603061882257435
root/390585:robotrace_v2_main_v2,robotrace_v2_main_v2,65704,48,-5.756665999999996,-4.756665999999996,2.5700000000000176,3.0700000000000176,-17.70306188225743,-17.20306188225743
root/390585:robotrace_v2_main_v2,robotrace_v2_main_v2,65058,48,2.398333999999977,3.398333999999977,2.5700000000000176,3.0700000000000176,-24.45306188225743,-23.95306188225743
root/390585:robotrace_v2_main_v2,robotrace_v2_main_v2,78034,12,-16.401915000000002,-16.151915000000002,2.5450000000000177,2.7450000000000174,-19.20306188225743,-18.70306188225743
root/390585:robotrace_v2_main_v2,robotrace_v2_main_v2,76747,12,-15.901915000000002,-15.651915000000002,2.5450000000000177,2.7450000000000174,-19.20306188225743,-18.70306188225743
root/390585:robotrace_v2_main_v2,robotrace_v2_main_v2,320061,12,-15.40191500000003,-15.15191500000003,2.5450000000000177,2.7450000000000174,-19.20306188225743,-18.70306188225743
root/390585:robotrace_v2_main_v2,robotrace_v2_main_v2,59837,12,-14.90191500000003,-14.65191500000003,2.5450000000000177,2.7450000000000174,-19.20306188225743,-18.70306188225743
root/390585:robotrace_v2_main_v2,robotrace_v2_main_v2,209082,10,-15.176915000000037,-14.276915000000002,2.5450000000000177,2.7450000000000174,-19.82806188225743,-19.57806188225743
root/390585:robotrace_v2_main_v2,robotrace_v2_main_v2,71519,12,-16.776915000000002,-15.776915000000002,2.5450000000000177,2.7450000000000174,-19.82806188225743,-19.57806188225743
root/390585:robotrace_v2_main_v2,robotrace_v2_main_v2,169403,12,-16.776915000000002,-15.776915000000002,2.5450000000000177,2.7450000000000174,-20.32806188225743,-20.07806188225743
root/390585:robotrace_v2_main_v2,robotrace_v2_main_v2,296603,12,-15.276915000000002,-14.276915000000002,2.5450000000000177,2.7450000000000174,-20.32806188225743,-20.07806188225743
root/390585:robotrace_v2_main_v2,robotrace_v2_main_v2,173931,12,-15.276915000000002,-14.276915000000002,2.5450000000000177,2.7450000000000174,-20.82806188225743,-20.57806188225743
root/390585:robotrace_v2_main_v2,robotrace_v2_main_v2,54659,12,-16.776915000000002,-15.776915000000002,2.5450000000000177,2.7450000000000174,-20.82806188225743,-20.57806188225743
root/390585:robotrace_v2_main_v2,robotrace_v2_main_v2,339482,12,-16.401915000000002,-16.151915000000002,2.5450000000000177,2.7450000000000174,-21.70306188225743,-21.20306188225743
root/390585:robotrace_v2_main_v2,robotrace_v2_main_v2,284291,12,-15.901915000000002,-15.651915000000002,2.5450000000000177,2.7450000000000174,-21.70306188225743,-21.20306188225743
root/390585:robotrace_v2_main_v2,robotrace_v2_main_v2,211674,12,-15.40191500000003,-15.15191500000003,2.5450000000000177,2.7450000000000174,-21.70306188225743,-21.20306188225743
root/390585:robotrace_v2_main_v2,robotrace_v2_main_v2,197430,12,-14.90191500000003,-14.65191500000003,2.5450000000000177,2.7450000000000174,-21.70306188225743,-21.20306188225743
root/390585:robotrace_v2_main_v2,robotrace_v2_main_v2,342078,178,-16.776915000000002,-14.276915000000002,2.5700000000000176,3.445000000000017,-21.70306188225743,-18.70306188225743
root/390585:robotrace_v2_main_v2,robotrace_v2_main_v2,171994,48,12.498334,13.298334000000011,2.5700000000000176,3.3700000000000174,-19.82806188225743,-18.228061882257435
root/390585:robotrace_v2_main_v2,robotrace_v2_main_v2,193529,48,13.69833399999996,14.498334,2.5700000000000176,3.3700000000000174,-28.64056188225743,-27.040561882257435
root/390585:robotrace_v2_main_v2,robotrace_v2_main_v2,314885,36,-11.701666000000017,-10.101666000000023,2.5700000000000176,3.2000000000000175,-17.60306188225742,-16.803061882257424
root/390585:robotrace_v2_main_v2,robotrace_v2_main_v2,175251,48,4.498333999999971,5.498333999999971,2.5700000000000176,3.0700000000000176,-17.75306188225744,-17.25306188225744
root/390585:robotrace_v2_main_v2,robotrace_v2_main_v2,38924,44,15.148333999999977,15.448333999999988,2.5700000000000176,2.8000000000000176,-17.20306188225743,-16.603061882257435
root/390585:robotrace_v2_main_v2,robotrace_v2_main_v2,72173,122,-26.67666600000001,-18.776666000000006,-1.0299999999999825,7.370000000000017,-23.903061882257433,-16.50306188225744
root/390585:robotrace_v2_main_v2,robotrace_v2_main_v2,39590,12,16.223333999999966,16.473333999999966,2.5450000000000177,2.7450000000000174,-21.70306188225743,-21.20306188225743
root/390585:robotrace_v2_main_v2,robotrace_v2_main_v2,205206,12,15.723333999999966,15.973333999999966,2.5450000000000177,2.7450000000000174,-21.70306188225743,-21.20306188225743
root/390585:robotrace_v2_main_v2,robotrace_v2_main_v2,340784,12,15.223333999999994,15.473333999999994,2.5450000000000177,2.7450000000000174,-21.70306188225743,-21.20306188225743
root/390585:robotrace_v2_main_v2,robotrace_v2_main_v2,312307,12,14.723333999999994,14.973333999999994,2.5450000000000177,2.7450000000000174,-21.70306188225743,-21.20306188225743
root/390585:robotrace_v2_main_v2,robotrace_v2_main_v2,204554,10,14.348333999999966,15.248334,2.5450000000000177,2.7450000000000174,-20.82806188225743,-20.57806188225743
root/390585:robotrace_v2_main_v2,robotrace_v2_main_v2,199996,12,15.848333999999966,16.848333999999966,2.5450000000000177,2.7450000000000174,-20.82806188225743,-20.57806188225743
root/390585:robotrace_v2_main_v2,robotrace_v2_main_v2,327826,12,15.848333999999966,16.848333999999966,2.5450000000000177,2.7450000000000174,-20.32806188225743,-20.07806188225743
root/390585:robotrace_v2_main_v2,robotrace_v2_main_v2,325881,12,14.348333999999966,15.348333999999966,2.5450000000000177,2.7450000000000174,-20.32806188225743,-20.07806188225743
root/390585:robotrace_v2_main_v2,robotrace_v2_main_v2,318776,12,14.348333999999966,15.348333999999966,2.5450000000000177,2.7450000000000174,-19.82806188225743,-19.57806188225743
root/390585:robotrace_v2_main_v2,robotrace_v2_main_v2,189628,12,15.848333999999966,16.848333999999966,2.5450000000000177,2.7450000000000174,-19.82806188225743,-19.57806188225743
root/390585:robotrace_v2_main_v2,robotrace_v2_main_v2,194181,12,16.223333999999966,16.473333999999966,2.5450000000000177,2.7450000000000174,-19.20306188225743,-18.70306188225743
root/390585:robotrace_v2_main_v2,robotrace_v2_main_v2,336894,12,15.723333999999966,15.973333999999966,2.5450000000000177,2.7450000000000174,-19.20306188225743,-18.70306188225743
root/390585:robotrace_v2_main_v2,robotrace_v2_main_v2,323321,12,15.223333999999994,15.473333999999994,2.5450000000000177,2.7450000000000174,-19.20306188225743,-18.70306188225743
root/390585:robotrace_v2_main_v2,robotrace_v2_main_v2,190275,12,14.723333999999994,14.973333999999994,2.5450000000000177,2.7450000000000174,-19.20306188225743,-18.70306188225743
root/390585:robotrace_v2_main_v2,robotrace_v2_main_v2,205860,178,14.348333999999966,16.848333999999966,2.5700000000000176,3.445000000000017,-21.70306188225743,-18.70306188225743
root/390585:robotrace_v2_main_v2,robotrace_v2_main_v2,74108,48,13.298333999999983,14.298333999999983,2.5700000000000176,3.0700000000000176,-37.45306188225743,-36.95306188225743
root/390585:robotrace_v2_main_v2,robotrace_v2_main_v2,44134,44,-13.701666000000017,-12.701666000000017,2.5700000000000176,2.9200000000000177,-17.95306188225743,-17.45306188225743
root/390585:robotrace_v2_main_v2,robotrace_v2_main_v2,196131,44,17.148333999999977,17.648333999999977,2.5700000000000176,2.9200000000000177,-17.60306188225742,-16.60306188225742
root/390585:robotrace_v2_main_v2,robotrace_v2_main_v2,56611,44,12.182333999999969,12.682333999999969,2.5700000000000176,2.9200000000000177,-29.803061882257424,-28.803061882257424
root/390585:robotrace_v2_main_v2,robotrace_v2_main_v2,153222,44,-5.0516660000000115,-4.5516660000000115,2.5700000000000176,2.9200000000000177,-21.503061882257427,-20.503061882257427
root/390585:robotrace_v2_main_v2,robotrace_v2_main_v2,185101,44,-13.551666000000012,-13.051666000000012,2.5700000000000176,2.9200000000000177,-28.403061882257433,-27.403061882257433
root/390585:robotrace_v2_main_v2,robotrace_v2_main_v2,64392,86,11.098333999999994,12.698333999999988,2.5700000000000176,3.6700000000000177,-33.60306188225742,-32.80306188225744
root/390585:robotrace_v2_main_v2,robotrace_v2_main_v2,207785,8,-1.4008330000000058,1.5991669999999942,2.5700000000000176,3.5200000000000173,-25.92522888225743,-21.42522888225743
root/390585:robotrace_v2_main_v2,robotrace_v2_main_v2,59203,44,-17.55166600000001,-17.05166600000001,2.5700000000000176,2.9200000000000177,-17.60306188225742,-16.60306188225742
root/390585:robotrace_v2_main_v2,robotrace_v2_main_v2,322659,36,8.798334000000011,10.398334000000006,2.5700000000000176,3.6700000000000177,-38.05306188225744,-34.55306188225744
root/390585:robotrace_v2_main_v2,robotrace_v2_main_v2,166805,44,-14.751666,-14.451665999999989,2.5700000000000176,2.8000000000000176,-17.20306188225743,-16.603061882257435
root/390585:robotrace_v2_main_v2,robotrace_v2_main_v2,73481,48,-13.30166600000004,-12.501666,2.5700000000000176,3.3700000000000174,-20.503061882257427,-18.903061882257433
root/390585:robotrace_v2_main_v2,robotrace_v2_main_v2,337546,44,13.998334,14.998334,2.5700000000000176,2.9200000000000177,-33.55306188225744,-33.05306188225744
root/390585:robotrace_v2_main_v2,robotrace_v2_main_v2,66360,48,16.69833399999996,17.498334,2.5700000000000176,3.3700000000000174,-28.64056188225743,-27.040561882257435
root/390585:robotrace_v2_main_v2,robotrace_v2_main_v2,302433,122,-26.67666600000001,-18.776666000000006,-1.0299999999999825,7.370000000000017,-32.25306188225743,-24.853061882257435
root/390585:robotrace_v2_main_v2,robotrace_v2_main_v2,297908,44,4.648333999999977,4.948334000000017,2.5700000000000176,2.8000000000000176,-21.803061882257424,-21.20306188225743
root/390585:robotrace_v2_main_v2,robotrace_v2_main_v2,42169,44,-11.701666000000017,-10.701666000000017,2.5700000000000176,2.9200000000000177,-18.653061882257433,-18.153061882257433
root/390585:robotrace_v2_main_v2,robotrace_v2_main_v2,299185,48,-2.451666000000017,-1.9516660000000172,2.5700000000000176,3.0700000000000176,-23.403061882257433,-22.403061882257433
root/390585:robotrace_v2_main_v2,robotrace_v2_main_v2,191583,48,8.798333999999983,9.798333999999983,2.5700000000000176,3.0700000000000176,-33.55306188225744,-33.05306188225744
root/390585:robotrace_v2_main_v2,robotrace_v2_main_v2,188322,1330,-16.951666000000017,-6.451666000000017,-0.9899999999999821,0.9100000000000175,-38.90306188225743,-33.60306188225742
root/390585:robotrace_v2_main_v2,robotrace_v2_main_v2,319436,160,-15.316666000000026,-8.966666000000004,2.5700000000000176,8.285000000000018,-14.913061882257423,-9.833061882257425
root/390585:robotrace_v2_main_v2,robotrace_v2_main_v2,332988,138,-14.884866000000017,-9.398466000000013,3.8400000000000176,8.132600000000018,-13.211261882257432,-11.534861882257431
root/390585:robotrace_v2_main_v2,robotrace_v2_main_v2,316849,98,-14.884866000000017,-9.398466000000013,0.2840000000000178,3.2349317312200174,-13.211261882257432,-11.534861882257431
root/390585:robotrace_v2_main_v2,robotrace_v2_main_v2,55306,420,-5.950832999999989,6.149167000000006,2.5700000000000176,4.370000000000018,-15.353061882257435,-11.353061882257435
root/390585:robotrace_v2_main_v2,robotrace_v2_main_v2,42811,28,-5.085833000000008,5.2841669999999965,2.7200000000000175,4.570000000000018,-11.953061882257444,-8.95306188225743
root/390585:robotrace_v2_main_v2,robotrace_v2_main_v2,195479,28,-5.450832999999989,5.649167000000006,2.5700000000000176,4.570000000000018,-14.553061882257438,-9.95306188225743
root/390585:robotrace_v2_main_v2,robotrace_v2_main_v2,36350,160,9.183333999999974,15.533333999999996,2.5700000000000176,8.285000000000018,-14.913061882257423,-9.833061882257425
root/390585:robotrace_v2_main_v2,robotrace_v2_main_v2,294650,138,9.615133999999983,15.101533999999987,3.8400000000000176,8.132600000000018,-13.211261882257432,-11.534861882257431
root/390585:robotrace_v2_main_v2,robotrace_v2_main_v2,52055,98,9.615133999999983,15.101533999999987,0.2840000000000178,3.2349317312200174,-13.211261882257432,-11.534861882257431
root/390596:robotrace_v2_Sidemarker,robotrace_v2_Sidemarker,202579,60,48.89468372870681,76.5094204384556,2.489028433580477,3.399028433580478,40.38778092772684,59.94995875421779
root/390596:robotrace_v2_Sidemarker,robotrace_v2_Sidemarker,190918,28,71.31852390407471,75.26301027694186,0.904028433580478,2.404028433580478,54.306434275674015,58.34470286589201
root/390596:robotrace_v2_Sidemarker,robotrace_v2_Sidemarker,37631,44,61.39676397790453,62.889584300932086,1.9540284335804774,2.4040284335804776,48.044054512464506,49.82969515851961
root/390596:robotrace_v2_Sidemarker,robotrace_v2_Sidemarker,329135,48,64.24724399982554,65.18025670171775,1.9040284335804776,2.4040284335804776,49.926493530807974,51.04251893459242
root/390596:robotrace_v2_Sidemarker,robotrace_v2_Sidemarker,340128,48,65.28647448436683,66.21948718625904,1.9040284335804776,2.4040284335804776,50.526493530807954,51.6425189345924
root/390596:robotrace_v2_Sidemarker,robotrace_v2_Sidemarker,67636,44,62.78240462395962,64.27522494698718,1.9540284335804776,2.4040284335804776,48.8440545124645,50.62969515851961
root/390596:robotrace_v2_Sidemarker,robotrace_v2_Sidemarker,196774,44,66.24650623909739,67.73932656212494,1.9540284335804776,2.4040284335804776,50.844054512464474,52.62969515851958
root/390596:robotrace_v2_Sidemarker,robotrace_v2_Sidemarker,331073,44,67.63839688515247,69.13121720818009,1.9540284335804776,2.4040284335804776,51.63322919491716,53.41886984097227
root/390596:robotrace_v2_Sidemarker,robotrace_v2_Sidemarker,170025,28,53.99801582838589,57.942502201253006,0.9040284335804776,2.4040284335804776,44.30643427567413,48.34470286589211
root/390572:SMF85,SMF85,318128,28,-56.10000000000001,-54.10000000000001,3.743224217935764,12.75677578206423,-6.707235853802274,-2.983229210007053
root/390566:wheel_gear,wheel_gear,297254,722,44.00000000000001,60.30000000000001,-1.245459163825167,17.7454591638251,11.349773461598527,30.345232625423595
root/390565:wheel_gear,wheel_gear,297254,722,44.00000000000001,60.30000000000001,-1.248233289538069,17.748233289538803,-14.343465821445063,4.653000757631807
root/390586:robotrace_v2_Extended_UI/390601:robotrace_v2_Extended_UI.step/390602:5051101692.step,5051101692.step,188983,1968,-14.951666000000017,-1.4516660000000172,13.660000000000021,15.56000000000002,-38.70306188225743,-33.403061882257425
root/390586:robotrace_v2_Extended_UI/390601:robotrace_v2_Extended_UI.step/390603:robotrace_v2_Extended_UI_PCB.step,robotrace_v2_Extended_UI_PCB.step,79308,140,-24.001666,24.000000000000014,12.48500000000002,13.59500000000002,-39.00306188225743,-9.001395882257427
root/390590:axial_wheelLR,axial_wheelLR,304390,28,-55.99999999999999,55.99999999999999,6.2499999999999964,10.249999999999996,18.3452326254256,23.3452326254256
root/390580:SMF85,SMF85,318128,28,-45.4,-43.4,8.249999999999996,8.249999999999996,-9.721510243495587,0.031045179686259416
root/390593:battery_BETAFPV,battery_BETAFPV,321998,20,-21.94436368688507,32.35563631311496,1.0000000000002123,13.500000000000227,-3.1666900648212724,2.8333099351787445
root/390563:spacer_wheel_14,spacer_wheel_14,174601,16,42.0,43.4,4.890079536441771,11.609920463558222,18.3752699617972,21.825505280640805
root/390587:robotrace_v2_Linesensor/390598:robotrace_v2_Linesensor.step/390599:5051101492_2.step,5051101492_2.step,168742,1756,-6.249999999999993,6.250000000000007,3.064999999999998,4.964999999999996,99.50170011774249,104.80170011774248
root/390587:robotrace_v2_Linesensor/390598:robotrace_v2_Linesensor.step/390600:robotrace_v2_Linesensor_PCB.step,robotrace_v2_Linesensor_PCB.step,332362,32,-47.126147999999986,47.126148000000015,2.0900000000000003,2.9999999999999982,80.94606611774245,98.12701111774246
root/390594:robotrace_v2_batteryjoint2,robotrace_v2_batteryjoint2,298548,48,-32.73936368688508,-31.229363686885055,3.600000000000165,16.500000000000185,-2.9666900648213357,18.93330993517867
root/390594:robotrace_v2_batteryjoint2,robotrace_v2_batteryjoint2,333644,60,-31.244363686885077,-23.14436368688507,4.100000000000165,9.060539323306173,14.033309935178664,18.23330993517868
root/390594:robotrace_v2_batteryjoint2,robotrace_v2_batteryjoint2,209724,20,-34.14436368688508,-24.64436368688507,5.450000000000173,6.7500000000001705,15.333309930708651,16.933309939648666
root/390594:robotrace_v2_batteryjoint2,robotrace_v2_batteryjoint2,181864,20,-34.14436368688507,-24.64436368688507,7.450000000000173,8.75000000000017,15.33330997541168,16.933309894945666
root/390594:robotrace_v2_batteryjoint2,robotrace_v2_batteryjoint2,58565,60,-31.244363686885066,-23.144363686885065,4.100000000000179,9.060539323306187,-2.2666900648213186,1.93330993517867
root/390594:robotrace_v2_batteryjoint2,robotrace_v2_batteryjoint2,327186,20,-34.144363686885065,-24.644363686885065,5.450000000000188,6.750000000000185,-0.9666900692913316,0.6333099396486546
root/390594:robotrace_v2_batteryjoint2,robotrace_v2_batteryjoint2,338834,20,-34.144363686885065,-24.644363686885065,7.450000000000188,8.750000000000185,-0.9666900245883312,0.6333098949456826
root/390554:mount_motor2,mount_motor2,334943,58,37.00000000000001,42.00000000000001,-3.903127820947816e-15,11.999999999999998,-8.999999953239534,25.000000046760466
root/390595:stay_rear,stay_rear,68286,66,-23.845414691063414,23.84208269106345,-1.5149999999999817,4.485000000000018,-57.00306188225743,-34.803061882257424
root/390564:spacer_wheel_14,spacer_wheel_14,174601,16,42.0,43.4,5.015213925422936,11.484786074577057,-7.25125634341707,-3.508759916501589
root/390588:battery_BETAFPV,battery_BETAFPV,321998,20,-21.944363686885076,32.35563631311493,0.9999999999999982,13.5,13.133309935178717,19.133309935178723
root/390592:BT2.0 Connector_male,BT2.0 Connector_male,305031,40,-28.044363686885113,-19.04436368688511,7.55000000000007,8.850000000000206,-0.9666900648212433,0.6333099351787581
root/390592:BT2.0 Connector_male,BT2.0 Connector_male,63745,40,-28.04436368688512,-19.044363686885116,5.550000000000179,6.8500000000002945,-0.9666900648212788,0.6333099351787226
root/390592:BT2.0 Connector_male,BT2.0 Connector_male,77369,107,-28.144363686885125,-21.944363686885062,4.300000000000187,10.100000000000225,-2.5166900648212405,1.933309935178741
root/390582:tire_miniZ,tire_miniZ,74778,8,48.800000000000004,60.300000000000004,8.249999999999996,8.249999999999998,9.345232625425592,32.345232625425595
root/390555:mount_motor2,mount_motor2,334943,58,-42.00000000000001,-37.00000000000001,-3.469446951953614e-15,11.999999999999998,-8.999999953239538,25.000000046760462
root/390558:sensorbar_v2,sensorbar_v2,323955,130,-12.5,12.500000000000021,0.0,6.5,29.996938117742545,97.99693811774254
root/390569:SMF85,SMF85,318128,28,54.10000000000001,56.10000000000001,3.7432242179357633,12.75677578206423,-6.707235853802275,-2.9832292100070528
root/390561:SMF85,SMF85,318128,28,43.4,45.4,8.249999999999996,8.249999999999996,-9.721510243495587,0.031045179686259416
root/390574:wheel_end,wheel_end,183829,26,-61.300000000000004,-54.50000000000001,7.614438082858411,8.885561917141581,-14.82501514724651,5.134550083437183
root/390553:base_v2,base_v2,331699,196,-42.00000000000001,42.00000000000002,-8.673617379884035e-16,1.0000000000000018,-39.003061882257455,38.996938117742545
root/390568:wheel_end,wheel_end,183829,26,54.50000000000001,61.300000000000004,8.00012210012938,8.499877899870613,10.845232625425592,30.84523262542559
