log,direction,rows,build_time,battery_V,mean_X_mm,mean_Y_mm,mean_closure_mm,mean_turn_residual_deg,mean_speed_mps,target_speed_min_mps,target_speed_max_mps,distance_step_min_mm,distance_step_max_mm,last_time_s,temp_start_C,temp_end_C,max_gap_ms,sparse_yaw_end_error_deg,gyro_peak_abs_dps,gyro_X_rms_dps,gyro_Y_rms_dps,accel_Z_mean_g,accel_Z_std_g,temperature_invalid_rows,independent_cross_events,time_wraps,distance_scale_verified,distance_scale_error_p,closure_reason,imu_cal_errors,sha256
12885,CW,5565,17:38:39,7.77,7.82213024934872,-1.8651867709056433,9.10349578000091,0.09290784889666223,0.5429884307076253,0.49983626053534186,0.49983626053534186,4.438201278891398,5.55852393181544,51.233,26.0,31.0,11.000000000002785,-70.81700919699728,413.972778,7.8576870579671905,5.574023198089202,1.0450251654630416,0.28373961825506155,0,6,0,1,-3842,0,0,ad83041cb3707c6ce2560b2a9a29acdd58f3f59a1a7f1a94f6fbe996ba982eb4
12886,CW,5564,17:38:39,7.72,8.778504726122696,-4.261290021542902,9.95601822595894,0.19937409772773645,0.5453574773370774,0.49983626053534186,0.49983626053534186,4.446819145452352,5.549906065254486,50.999,25.375,30.5,11.000000000002785,-1.344918499991719,427.504883,7.574429242017602,2.6577756088137208,1.0026962213724242,0.18292368683203442,0,6,0,1,-182,0,0,5c66f4fe50b841bcff7475c112710d4453d9269ca6ad918b409aa3f2af8fcf0b
12887,CW,5565,17:38:39,7.68,6.509928282210422,-2.264275284707298,7.211909020052414,0.01713825982812347,0.54539388997627,0.49983626053534186,0.49983626053534186,4.438201278891397,5.549906065254486,51.001,31.375,33.125,11.000000000002785,-1.6691956039986777,413.873993,7.490786033375318,2.6803975042678485,1.004065118946474,0.17358793310546747,0,6,0,1,-149,0,0,ef294311a1dfc30b980a61926133df452b73cd136d24aa0aa340290dd063feab
12888,CW,5564,18:22:31,7.57,6.322468258407843,0.020892380569887337,6.557886256468682,-0.31735585772915587,0.5464178137863939,0.49983626053534186,0.49983626053534186,4.455437012013306,5.541288198693532,50.887,32.25,34.5,11.000000000002785,0.7230953710010728,431.470795,7.285967090540451,2.632149042943729,1.0024452164860846,0.173590369990433,0,6,0,1,-487,0,0,0c709c37b683dc7c102e001611d573d439397a06314604efae0b6ad5fda74bce
12890,CW,5538,18:22:31,7.52,9.512737991649692,-2.539207142986709,9.925325170782463,-0.051461291919901966,0.534374983188356,0.49983626053534186,0.49983626053534186,4.438201278891397,5.541288198693532,51.796,32.25,34.25,11.000000000002785,0.31621053799882054,453.076813,8.898307112172294,2.996367212829579,0.9984486187833511,0.20387590306132422,0,6,0,1,616,0,0,942b8f37f2adaca50e06456583b4c1d00f23ffe13ddb58343de83db7ea08dc46
12869,CCW,5588,15:46:40,8.15,13.896617519012306,-2.175318741072155,14.196320847658507,0.07110701269631248,0.5387436736406607,0.49983626053534186,0.49983626053534186,4.438201278891398,5.549906065254486,51.837,29.125,33.375,11.000000000002785,0.5211701310045167,470.911499,8.523196688633817,2.4860771526095937,0.9954498314297802,0.19075837519475308,0,6,0,1,-225,8,0,be6e056326360c2b3c679638d7370bb0c542a8325f1a1c8f50846c771616d298
12870,CCW,5590,15:46:40,8.10,15.368568093039903,-0.9429293341071002,15.446830222004147,0.19408912634771697,0.5391039021104367,0.49983626053534186,0.49983626053534186,4.446819145452352,5.549906065254485,51.82,34.75,35.375,11.000000000002785,0.394592139002927,347.569183,8.435459591234283,2.5206696503071724,0.994005806131078,0.19550290664882009,0,6,0,1,-578,8,0,0033fa4c5b9da7ad2f451d84a436d1a2154037b5971def7b97d9c50411c9bb37
12871,CCW,5590,15:46:40,8.06,13.723428303682681,-0.8348079838658379,13.767619682646998,0.03378689699393559,0.5387789778443859,0.49983626053534186,0.49983626053534186,4.446819145452352,5.549906065254486,51.854,36.25,36.25,11.000000000002785,-0.20080078000726617,371.010345,8.436614920670833,2.4858267584188085,0.9973275372093023,0.19819574724595757,0,6,0,1,-927,8,0,bf8ac64412e804f98f2f9695b08f70dd6492cdcd08f85ec2e8ded1ccd4ad7f91
12891,CW,5523,18:22:31,7.49,-1.9502699783958406,-4.708384794591245,6.200166154752764,0.295657774491334,0.4343380067468998,0.49983626053534186,0.49983626053534186,4.541615677622848,5.437873799962082,63.544,26.5,32.125,22.00000000000557,-5.675145343000346,418.622864,9.306667773645323,2.7583679898288307,0.9910215409800984,0.39083326038455063,0,6,0,1,-2937,0,0,5e27b90d2f74542046fcd793c2e28333963ae9af75c9f85d9114e225bf88527d
12892,CW,5555,18:22:31,7.48,1.7617598623758568,-2.607189663614372,5.647889629213644,-0.3485839938671602,0.9154329342176759,0.9996725210706837,0.9996725210706837,4.265843947672314,5.679174063668798,30.324,27.5,30.125,7.000000000000561,-1.457779663999981,827.091797,18.210296291235817,5.215933438157103,1.0040538691210896,0.3771453538379538,0,6,0,1,-1171,0,0,56bee6d94aa1b312f00828e4f2e11df9b69b406049a2e0a0166823109e1fcbab
12893,CW,5556,21:25:34,7.45,-1.7002722486495032,-3.527090146136925,4.988229440345096,-0.15513902736023236,0.9119178774568467,0.9996725210706837,0.9996725210706837,4.205518881745635,5.748116996156432,30.443,26.125,29.125,7.0000000000014495,3.495403226997513,772.33374,18.361098348473224,5.367664079690062,0.9701245623404255,0.4274328021847412,0,6,0,1,334,0,0,572398a2343818d73f6a9819d5cae38dd9a6a768e1e23863df25d3ba3d98f3c0
12894,CW,5522,21:25:34,7.42,-5.562156249491045,-5.4525567169291325,8.068958772473835,0.5151903933072641,0.42117944452127826,0.49983626053534186,0.49983626053534186,4.558851410744756,5.446491666523036,65.504,30.875,34.0,21.999999999998465,-1.9619836259995296,373.220001,8.649519556051068,2.5762260744993646,0.9931250194735716,0.3781333586777322,0,6,0,1,-2422,0,0,3b4208d6e2a14243b8dde4de67a9f142353078e69726cc4e72d9a8af54ed9f85
12895,CW,5527,21:59:39,8.32,-4.567276364578879,-2.9267754460827975,6.6830304395753455,0.06536641293741763,0.42036946946128184,0.49983626053534186,0.49983626053534186,4.550233544183802,5.446491666523036,65.671,24.875,30.75,19.999999999999574,-4.8104991630005465,375.837067,9.077485230465719,2.5173166368267923,0.9864544395040615,0.3915175413615562,0,6,1,0,1636020,10,0,4c3d5b01809c11c94453ed72d7fec7a2c1b9b5d1e5e92dcf67bb14561259df79
12896,CW,5524,21:59:39,8.26,-2.7604349397583747,-1.9850770943722522,6.874255916077412,0.19624601574423722,0.4105248710864538,0.49983626053534186,0.49983626053534186,4.576087143866664,5.412020200279219,67.185,32.0,33.375,22.999999999999687,-2.957168818000413,421.079956,9.581054518449989,2.3261467755179583,0.9955822837895636,0.390849463173335,0,6,1,0,1503990,10,0,28184a6d238f04dacb1c7763529b8fdfa5b5dc907ba1fbd1faa2b34a5e55544f
12897,CW,5527,21:59:39,8.20,-2.458054492757037,-2.4512216437069467,6.648312205852977,0.09797069869225634,0.4057707508651381,0.49983626053534186,0.49983626053534186,4.576087143866665,5.420638066840173,68.03,33.75,34.625,24.99999999999858,-0.43713946899388967,380.009521,9.33175580771384,2.3215900548938286,0.9949227070145426,0.37788452933806066,0,6,1,0,1502976,10,0,59b78997206bedf2efabfc46c5dfda3cd4294886f71b1eb356554d5e3dbc6450
12898,CW,4585,22:13:55,8.16,5.679061095646688,-3.392634466288598,7.336805531299042,0.10604816455114396,0.5257114588812644,0.49983626053534186,0.49983626053534186,4.532997811061894,5.5154345990106695,43.601,26.625,30.75,11.000000000002785,0.1802149160001252,481.847809,11.716506606380328,2.9683532926834824,0.9974877274431058,0.29384163712485667,0,5,0,1,-942,0,0,cceb1b69156e46d3e3a54390eee32550166d736aa85a1348269b6fe6760f6dbd
12899,CW,4584,22:13:55,8.12,5.662580918624229,-1.0259003827993212,6.066676587027614,-0.24799626706683275,0.5269785131618985,0.49983626053534186,0.49983626053534186,4.455437012013306,5.532670332132577,43.485,32.0,33.125,11.000000000002785,-0.5316132439992894,464.764923,9.414484261558144,2.5452469862643787,1.0008073382431708,0.28249153224844054,0,5,0,1,-955,0,0,a643ee62abfa6fc7a051ae54157dda34d15cb5796f2f10ae0a74efce9efef9a7
12900,CW,4585,22:13:55,8.09,8.014165880903022,-0.640091785652217,8.092362257599158,-0.22917189384966918,0.5276244535001099,0.49983626053534186,0.49983626053534186,4.46405487857426,5.549906065254486,43.44,34.0,34.125,11.000000000002785,0.2765593060007484,449.933777,10.744626699232557,2.826326597000707,1.0030140144578314,0.29334985568114236,0,5,0,1,-1925,0,0,6fcbf5c35b0970c30b8288641f04078d56154a5a171a0429dbd0c3eaca4f8ffc
