log,group,rows,columns,max_row_bytes,max_gap_ms,target_mps,actual_distance_mps,speed_tracking_rmse_mps,battery_V,cal_samples,temp_cal_C,temp_end_C,closure_valid,closure_reason,goal_marker_X_mm,slip_rows,slip_lat_rows,sha256
12866,CW_diagnostic,5550,41,263,11.0,0.49983626053534186,0.539562499298794,0.043700869739981135,8.3,100,28.4,32.625,1,0,50.7,0,0,5284dc8767213b0b9a0d7b8639f643c7ef52c8af23f104f87f326f373345fbbf
12867,CW_diagnostic,5544,41,263,11.0,0.49983626053534186,0.5407298876585155,0.04480236495906809,8.23,100,33.719,35.0,0,8,133.78,0,0,e97c3297190c8108269df3a36e8fe155dfe9a3c859eb29a1a1b4ad10252b4bf0
12868,CW_diagnostic,5544,41,264,11.0,0.49983626053534186,0.5414154220206706,0.04509745646733703,8.19,100,35.669,35.875,0,8,107.01,0,0,96226c2eb9c549b8b0e76a91cf643c5dd8ef3a35882a0792fa027a0ddee48862
12869,CCW_diagnostic,5588,41,259,11.0,0.49983626053534186,0.5387425902211632,0.04369932739698448,8.15,100,28.844,33.375,0,8,97.25,0,0,be6e056326360c2b3c679638d7370bb0c542a8325f1a1c8f50846c771616d298
12870,CCW_diagnostic,5590,41,259,11.0,0.49983626053534186,0.5391048846513742,0.044166802151377464,8.1,100,34.719,35.375,0,8,75.76,0,0,0033fa4c5b9da7ad2f451d84a436d1a2154037b5971def7b97d9c50411c9bb37
12871,CCW_diagnostic,5590,41,258,11.0,0.49983626053534186,0.5387796986547668,0.04397910084701213,8.06,100,36.369,36.375,0,8,88.66,0,0,bf8ac64412e804f98f2f9695b08f70dd6492cdcd08f85ec2e8ded1ccd4ad7f91
12872,CCW_minimal,5586,13,80,11.0,0.49983626053534186,0.5382879227379914,0.04330628430650935,8.03,100,27.669,32.125,0,8,77.42,0,0,76527096617aaec4781ce0f2471c989d48a8e286cda9f43770c5e7ff8d32ab41
12873,CCW_minimal,5588,13,80,11.0,0.49983626053534186,0.5386380701762228,0.04345498376154695,7.98,100,32.569,34.0,0,8,79.73,0,0,5e8c8e0c4803e03d0424e436e5792968605de22bd37017ef5001a02493dad7be
12874,CCW_minimal,5589,13,80,11.0,0.49983626053534186,0.5393045947294262,0.04411993560706579,7.92,100,33.781,34.875,0,8,80.33,0,0,2e7532946f3a6d2a4cea378fcfd0f8155a3127f21bc90d8d1427e0d85e7dab93
12875,CCW_minimal,5586,13,80,11.0,0.49983626053534186,0.5383611369182937,0.0436877175425666,7.88,100,26.138,32.0,0,8,67.13,0,0,7f1c0e507ef3b138791d71a3214f886ea08a3ee9880874777872664592dcac73
12876,CW_minimal,5551,13,80,11.0,0.49983626053534186,0.5382362363437523,0.043000825309464294,8.26,100,26.081,31.75,1,0,42.56,0,0,7a946933331c82f632ad78424c25e12d874e2a0dfe52ef8da071e4b5f93e2f8a
12877,CW_minimal,5552,13,80,11.0,0.49983626053534186,0.539741392885663,0.04410856084921914,8.2,100,33.213,34.625,0,8,65.86,0,0,0ff1988b00afc14e05fa3e695e936bca323a7a2a26820bff112fbedd30d439f4
12878,CW_minimal,5553,13,80,11.0,0.49983626053534186,0.5394064282503169,0.04393223800921483,8.15,100,34.5,35.375,0,8,63.5,0,0,178a9188e3e72f8d91e04e7f83bffdca840213a4d981f49f34126dcab8af6346
