log,group,delta_X_mm,delta_Y_mm,lap_time_s,lap_distance_mm,sparse_heading_error_deg
12866,CW_diagnostic,10.615051399999993,-9.774957200000006,8.698599999999999,4693.43835640049,0.7274224919004609
12867,CW_diagnostic,20.863879399999995,-0.6678710000000023,8.6724,4689.425877729709,-0.37556469219862265
12868,CW_diagnostic,18.204309000000013,-3.828576600000008,8.6614,4689.415536289836,0.21668068830033463
12869,CCW_diagnostic,17.7260986,-3.2599378000000003,8.7732,4726.496492528309,0.04691771799878097
12870,CCW_diagnostic,15.486035199999993,0.03233679999999985,8.770999999999999,4728.4889432772015,0.15746469269981844
12871,CCW_diagnostic,13.183154200000013,-0.9213372,8.7744,4727.468587876386,-0.14185675639988632
12872,CCW_minimal,15.18765860000001,-1.3182735999999995,8.7768,4724.445440286802,0.2451656974000116
12873,CCW_minimal,19.49287119999999,3.4999992,8.774799999999999,4726.44133818232,0.7199871826998333
12874,CCW_minimal,18.54112540000001,0.8072503999999998,8.764,4726.465468208691,0.4423141917004386
12875,CCW_minimal,14.871936000000005,0.7235802,8.7756,4724.441993140178,0.4924453807990858
12876,CW_minimal,8.248779400000013,-5.959155400000009,8.7238,4695.465278615627,0.4649620010994909
12877,CW_minimal,10.430932800000004,0.040869199999997365,8.6996,4695.534221548114,0.12708926070095003
12878,CW_minimal,10.390429799999993,-0.5739561999999978,8.7066,4696.396008204209,0.2058795545000521
