log,direction,rows,normal_end,max_gap_ms,line_events,battery_V,sha256
12866,CW,5550,True,11.0,6,8.30,5284dc8767213b0b9a0d7b8639f643c7ef52c8af23f104f87f326f373345fbbf
12867,CW,5544,True,11.0,6,8.23,e97c3297190c8108269df3a36e8fe155dfe9a3c859eb29a1a1b4ad10252b4bf0
12868,CW,5544,True,11.0,6,8.19,96226c2eb9c549b8b0e76a91cf643c5dd8ef3a35882a0792fa027a0ddee48862
12869,CCW,5588,True,11.0,6,8.15,be6e056326360c2b3c679638d7370bb0c542a8325f1a1c8f50846c771616d298
12870,CCW,5590,True,11.0,6,8.10,0033fa4c5b9da7ad2f451d84a436d1a2154037b5971def7b97d9c50411c9bb37
12871,CCW,5590,True,11.0,6,8.06,bf8ac64412e804f98f2f9695b08f70dd6492cdcd08f85ec2e8ded1ccd4ad7f91
12885,CW,5565,True,11.0,6,7.77,ad83041cb3707c6ce2560b2a9a29acdd58f3f59a1a7f1a94f6fbe996ba982eb4
12886,CW,5564,True,11.0,6,7.72,5c66f4fe50b841bcff7475c112710d4453d9269ca6ad918b409aa3f2af8fcf0b
12887,CW,5565,True,11.0,6,7.68,ef294311a1dfc30b980a61926133df452b73cd136d24aa0aa340290dd063feab
12888,CW,5564,True,11.0,6,7.57,0c709c37b683dc7c102e001611d573d439397a06314604efae0b6ad5fda74bce
12890,CW,5538,True,11.0,6,7.52,942b8f37f2adaca50e06456583b4c1d00f23ffe13ddb58343de83db7ea08dc46
