log,direction,method,X_mm,Y_mm,mean_closure_mm,mean_lap_distance_mm,max_plot_change_mm
12866,CW,encoder_mean,10.136439551999365,-9.65239014128457,15.109586957548284,4693.362856836166,0.0
12866,CW,vector_forward,10.13643955199932,-9.652390141284581,15.109586957548268,4693.362856836168,2.5421149729252077e-13
12866,CW,extra_cosine,10.176598496511247,-5.486102836768145,12.70738220874183,4685.304128972113,25.248040807354705
12867,CW,encoder_mean,21.94635711658225,-1.425454062691267,21.99684857605395,4688.988833330423,0.0
12867,CW,vector_forward,21.946357116582316,-1.425454062691267,21.99684857605402,4688.988833330425,3.694822225952521e-13
12867,CW,extra_cosine,21.657598923746036,2.6587602997656177,21.822095231645573,4681.047013761773,24.860334772714808
12868,CW,encoder_mean,17.774187562867336,-4.176567019537652,18.317506752039524,4689.228433264276,0.0
12868,CW,vector_forward,17.77418756286729,-4.176567019537754,18.31750675203951,4689.228433264278,6.915300366811402e-13
12868,CW,extra_cosine,17.659998847679617,-0.08724266054293821,17.690779546717273,4681.271846364073,24.785397714595373
12869,CCW,encoder_mean,13.896617519012306,-2.175318741072155,14.196320847658507,4726.272960426626,0.0
12869,CCW,vector_forward,13.896617519012398,-2.1753187410721067,14.19632084765858,4726.272960426626,5.684341886080801e-13
12869,CCW,extra_cosine,13.456534721118123,1.6052970271244504,13.60522459362603,4718.679328896704,23.36625998877343
12870,CCW,encoder_mean,15.368568093039903,-0.9429293341071002,15.446830222004147,4727.787576114091,0.0
12870,CCW,vector_forward,15.368568093039903,-0.9429293341070888,15.446830222004149,4727.787576114096,3.4283687000424834e-13
12870,CCW,extra_cosine,14.931154195440126,2.8293709126322293,15.206863686298428,4720.203854162265,23.323687367534095
12871,CCW,encoder_mean,13.723428303682681,-0.8348079838658379,13.767619682646998,4727.597469159439,0.0
12871,CCW,vector_forward,13.723428303682635,-0.8348079838658158,13.767619682646947,4727.597469159439,5.240704272917405e-13
12871,CCW,extra_cosine,13.25225267515052,2.9482720685348944,13.603331575875936,4719.991746695304,23.38870741660581
12885,CW,encoder_mean,7.82213024934872,-1.8651867709056433,9.10349578000091,4706.6322796616205,0.0
12885,CW,vector_forward,7.822130249348788,-1.8651867709056433,9.103495780000959,4706.632279661621,3.4224270219716276e-13
12885,CW,extra_cosine,7.788397560833846,2.3205211097171285,8.485666095544522,4698.517111410229,25.356090718047533
12886,CW,encoder_mean,8.778504726122696,-4.261290021542902,9.95601822595894,4705.793703315956,0.0
12886,CW,vector_forward,8.778504726122696,-4.261290021542868,9.956018225958932,4705.793703315957,3.410605131648481e-13
12886,CW,extra_cosine,8.767234440661786,-0.07992556810497717,8.997980424969942,4697.717472956608,25.298951896339325
12887,CW,encoder_mean,6.509928282210422,-2.264275284707298,7.211909020052414,4707.0435989289235,0.0
12887,CW,vector_forward,6.509928282210422,-2.2642752847072414,7.211909020052374,4707.0435989289235,2.4158453015843406e-13
12887,CW,extra_cosine,6.4305804602335686,1.9064073953969227,6.8495368353053605,4698.9693391569535,25.313742395167715
12888,CW,encoder_mean,6.322468258407843,0.020892380569887337,6.557886256468682,4705.80033713287,0.0
12888,CW,vector_forward,6.322468258407843,0.020892380569910073,6.557886256468693,4705.8003371328705,2.799213746640164e-13
12888,CW,extra_cosine,6.17019786751232,4.183747784128514,7.522085786199914,4697.740165055444,25.23559815009702
12890,CW,encoder_mean,9.512737991649692,-2.539207142986709,9.925325170782463,4683.580126611208,0.0
12890,CW,vector_forward,9.512737991649669,-2.53920714298672,9.925325170782454,4683.580126611208,5.084229945850415e-13
12890,CW,extra_cosine,9.336480992578345,1.5997120453994285,9.544637976787786,4675.636767828494,25.173091745546373
