log,direction,parameter,best_value,baseline_rms_mm,best_rms_mm,optimum_at_scan_boundary
12866,CW,gyro_bias_dps,-0.06,15.313674149478512,14.825544505419774,False
12866,CW,gyro_gain_pct,-0.2,15.313674149478512,14.998895499041744,False
12866,CW,wheel_relative_pct,2.0,15.313674149478512,15.279123795049617,True
12866,CW,yaw_time_shift_ms,-19.0,15.313674149478512,15.090875370955628,False
12867,CW,gyro_bias_dps,0.125,22.020843416161156,20.675015584106294,False
12867,CW,gyro_gain_pct,0.5,22.020843416161156,20.319794213351933,True
12867,CW,wheel_relative_pct,2.0,22.020843416161156,21.968080471981793,True
12867,CW,yaw_time_shift_ms,-20.0,22.020843416161156,21.584016398342037,True
12868,CW,gyro_bias_dps,0.065,18.480634716873645,18.053459637757843,False
12868,CW,gyro_gain_pct,0.32000000000000006,18.480634716873645,17.846278675318402,False
12868,CW,wheel_relative_pct,2.0,18.480634716873645,18.43311178080891,True
12868,CW,yaw_time_shift_ms,-18.0,18.480634716873645,18.300282333632133,False
12869,CCW,gyro_bias_dps,-0.06999999999999998,14.540684994265089,13.827782168206628,False
12869,CCW,gyro_gain_pct,0.35,14.540684994265089,13.525576583963021,False
12869,CCW,wheel_relative_pct,2.0,14.540684994265089,14.483460367798756,True
12869,CCW,yaw_time_shift_ms,20.0,14.540684994265089,13.51347767351587,True
12870,CCW,gyro_bias_dps,-0.09999999999999998,15.775262722749716,14.431445511318744,False
12870,CCW,gyro_gain_pct,0.48,15.775262722749716,14.020155031714635,False
12870,CCW,wheel_relative_pct,2.0,15.775262722749716,15.71616784300563,True
12870,CCW,yaw_time_shift_ms,20.0,15.775262722749716,14.630104259021738,True
12871,CCW,gyro_bias_dps,-0.09,14.273960439590432,13.142024480001677,False
12871,CCW,gyro_gain_pct,0.42000000000000004,14.273960439590432,12.790757144143088,False
12871,CCW,wheel_relative_pct,2.0,14.273960439590432,14.2163861351111,True
12871,CCW,yaw_time_shift_ms,20.0,14.273960439590432,13.213928670013777,True
12885,CW,gyro_bias_dps,0.030000000000000027,9.552322812245954,9.389440446620636,False
12885,CW,gyro_gain_pct,0.15000000000000002,9.552322812245954,9.298534178561797,False
12885,CW,wheel_relative_pct,2.0,9.552322812245954,9.51530073187062,True
12885,CW,yaw_time_shift_ms,-20.0,9.552322812245954,8.542029750047387,True
12886,CW,gyro_bias_dps,0.0,10.2559182480179,10.2559182480179,False
12886,CW,gyro_gain_pct,0.050000000000000044,10.2559182480179,10.232578128800137,False
12886,CW,wheel_relative_pct,2.0,10.2559182480179,10.208490844889274,True
12886,CW,yaw_time_shift_ms,-20.0,10.2559182480179,9.453814298794939,True
12887,CW,gyro_bias_dps,0.015000000000000013,7.421832106227653,7.382024049892267,False
12887,CW,gyro_gain_pct,0.07999999999999996,7.421832106227653,7.329765346109153,False
12887,CW,wheel_relative_pct,2.0,7.421832106227653,7.375393586143007,True
12887,CW,yaw_time_shift_ms,-20.0,7.421832106227653,6.458627580853194,True
12888,CW,gyro_bias_dps,0.04500000000000004,6.827997366244642,6.273902292984517,False
12888,CW,gyro_gain_pct,0.20000000000000007,6.827997366244642,6.123608849276992,False
12888,CW,wheel_relative_pct,2.0,6.827997366244642,6.784117782384651,True
12888,CW,yaw_time_shift_ms,-20.0,6.827997366244642,5.780392188634286,True
12890,CW,gyro_bias_dps,0.030000000000000027,10.189271532539335,10.036560083960001,False
12890,CW,gyro_gain_pct,0.15000000000000002,10.189271532539335,9.92822917841778,False
12890,CW,wheel_relative_pct,2.0,10.189271532539335,10.141150419378878,True
12890,CW,yaw_time_shift_ms,-20.0,10.189271532539335,9.599271843986767,True
