log,direction,event,time_s,imu_heading_deg,line_heading_deg,line_fit_rms_mm,channels
12866,CW,1,4.692035320326618,178.67577119714895,-4.727977600092485,0.7074335901762037,8
12866,CW,2,13.399645454262364,539.0946752517162,-4.62794445903357,0.7648856435073422,8
12866,CW,3,22.111855508516403,900.2040086674866,-4.986943980269907,0.6849321930148558,8
12866,CW,4,30.81577886499665,1260.342463906548,-4.729945594392738,0.7498509098852663,8
12866,CW,5,39.50047913680391,1621.414832953834,-5.001147683138493,0.5489785766556291,8
12866,CW,6,48.18436952966349,1981.6669827911167,-4.9191672744988475,0.7082771640803145,8
12866,CW,interval1_threshold800,,0.41832353697856206,0.11779875547387952,,
12866,CW,interval2_threshold800,,1.1055470713671411,-0.20051590890878135,,
12866,CW,interval3_threshold800,,0.14287823711094916,0.15199213997455097,,
12866,CW,interval4_threshold800,,1.0678124277301322,-0.17587605440143683,,
12866,CW,interval5_threshold800,,0.25630251492066236,0.041613912308060996,,
12866,CW,interval1_threshold1200,,0.4199491449802508,0.03494935756898432,,
12866,CW,interval2_threshold1200,,1.1131618097671208,-0.2525838604611419,,
12866,CW,interval3_threshold1200,,0.13393938337401323,0.20812522317524973,,
12866,CW,interval4_threshold1200,,1.0796893351337076,-0.2126165218303857,,
12866,CW,interval5_threshold1200,,0.2460656943108006,0.059483075837380106,,
12866,CW,interval1_threshold1500,,0.419773283517884,0.03920755779422347,,
12866,CW,interval2_threshold1500,,1.1162386619242852,-0.003116985042868059,,
12866,CW,interval3_threshold1500,,0.1320190184535477,-0.01339350188104138,,
12866,CW,interval4_threshold1500,,1.0839295088208019,-0.06889851774298972,,
12866,CW,interval5_threshold1500,,0.24404329175558814,0.015416999064535197,,
12867,CW,1,4.65414268811786,178.15872601177142,-4.694773124744454,0.7077887019646595,8
12867,CW,2,13.330384009406488,537.5790124598255,-4.668883738373783,0.6659295838236503,8
12867,CW,3,22.004858651234127,897.1825997990852,-4.717631337784902,0.6807124516658063,8
12867,CW,4,30.682617909154157,1256.6567000017856,-4.823340972207741,0.644163257649874,8
12867,CW,5,39.35061096874139,1616.229333618794,-5.026850115771542,0.5614205603763074,8
12867,CW,6,48.01213595252751,1975.9682096775234,-5.098089803997956,0.5419992165668107,8
12867,CW,interval1_threshold800,,-0.5807641717558454,0.047848325957177806,,
12867,CW,interval2_threshold800,,-0.3977050140333631,0.04556801531814347,,
12867,CW,interval3_threshold800,,-0.5263059749408967,-0.12456382674803912,,
12867,CW,interval4_threshold800,,-0.43028398169690263,-0.15825734102779432,,
12867,CW,interval5_threshold800,,-0.2607961905664524,-0.07842233998668569,,
12867,CW,interval1_threshold1200,,-0.5783887287370817,0.04188995502497761,,
12867,CW,interval2_threshold1200,,-0.39428210939138353,-0.05706297265638849,,
12867,CW,interval3_threshold1200,,-0.5235323585433207,-0.05905071868807532,,
12867,CW,interval4_threshold1200,,-0.42535126422421854,-0.190859808540373,,
12867,CW,interval5_threshold1200,,-0.2616546699728133,-0.07001736199964181,,
12867,CW,interval1_threshold1500,,-0.5774827445560504,0.08863997524479927,,
12867,CW,interval2_threshold1500,,-0.39081662251749094,-0.07273874617134268,,
12867,CW,interval3_threshold1500,,-0.5217197851754918,0.03759412210587687,,
12867,CW,interval4_threshold1500,,-0.42662860471523345,-0.109438722348143,,
12867,CW,interval5_threshold1500,,-0.26247173741103325,-0.04674465289819807,,
12868,CW,1,4.649568260200096,178.54778172626152,-4.6667244588452395,0.6728811442752739,8
12868,CW,2,13.310514188865447,538.6670710243515,-4.74206807918174,0.6585336118090592,8
12868,CW,3,21.967021942458693,898.8843571072595,-5.020993116352829,0.5153389751727963,8
12868,CW,4,30.628474224263304,1258.7883006442764,-5.0834564019444715,0.5649317044888951,8
12868,CW,5,39.291798189634996,1618.77584413237,-5.0520109814043845,0.6552068775323768,8
12868,CW,6,47.95483448337362,1979.043605084141,-5.060325072782961,0.645098241829261,8
12868,CW,interval1_threshold800,,0.1177977498347218,0.0691603002395711,,
12868,CW,interval2_threshold800,,0.21437405764686446,-0.25482780481993483,,
12868,CW,interval3_threshold800,,-0.09681460905699169,-0.05847670971642582,,
12868,CW,interval4_threshold800,,-0.008608141691865967,-0.00818855995788148,,
12868,CW,interval5_threshold800,,0.2677306996467905,0.012508270974214142,,
12868,CW,interval1_threshold1200,,0.12403865351438981,-0.026458562198327762,,
12868,CW,interval2_threshold1200,,0.21919734003461144,-0.18948169877268395,,
12868,CW,interval3_threshold1200,,-0.0959726359801607,-0.08766779299050764,,
12868,CW,interval4_threshold1200,,-0.017785138464432748,0.07807821099328383,,
12868,CW,interval5_threshold1200,,0.2666677742251977,-0.0058970229393766616,,
12868,CW,interval1_threshold1500,,0.12925484967018974,0.09940081492913588,,
12868,CW,interval2_threshold1500,,0.22048324636546113,-0.1648602240922239,,
12868,CW,interval3_threshold1500,,-0.09831290978047491,0.03451191997026548,,
12868,CW,interval4_threshold1500,,-0.019326862567368153,-0.030303294576774498,,
12868,CW,interval5_threshold1500,,0.2669563298063622,-0.06178845270924782,,
12869,CCW,1,3.3200162046212123,-179.7650904137269,-0.40792212225103136,0.32122018159386195,8
12869,CCW,2,12.097800536673306,-539.3261190754328,-0.5853942584590637,0.29913550650555804,8
12869,CCW,3,20.877334255641657,-899.5811494544154,-0.576704203031015,0.3081299329526776,8
12869,CCW,4,29.63644772817523,-1259.244252273561,-0.39600817551068396,0.3391236502783138,8
12869,CCW,5,38.41343334190285,-1619.3231401187982,-0.5743900752805953,0.26659490705686545,8
12869,CCW,6,47.183862679553656,-1979.585269842907,-0.5836366149127941,0.29461137165057216,8
12869,CCW,interval1_threshold800,,0.43915622340489335,-0.02709382853536757,,
12869,CCW,interval2_threshold800,,-0.2548909492417124,-0.001192528679132776,,
12869,CCW,interval3_threshold800,,0.33594232071015995,0.04860328976989281,,
12869,CCW,interval4_threshold800,,-0.0781046292213432,-0.020826890774829687,,
12869,CCW,interval5_threshold800,,-0.2619638764344927,0.0014907765427509823,,
12869,CCW,interval1_threshold1200,,0.43859278623119735,-0.07542815508381728,,
12869,CCW,interval2_threshold1200,,-0.2552273314869353,-0.023922725711649495,,
12869,CCW,interval3_threshold1200,,0.3383159143090779,0.11653724699148255,,
12869,CCW,interval4_threshold1200,,-0.0800675255150054,-0.12653806489549024,,
12869,CCW,interval5_threshold1200,,-0.2625531231919922,0.06587700591611079,,
12869,CCW,interval1_threshold1500,,0.4384032257235617,0.03759587687643412,,
12869,CCW,interval2_threshold1500,,-0.25533062114971017,-0.012511625494836476,,
12869,CCW,interval3_threshold1500,,0.3382023827247167,0.017016069363346153,,
12869,CCW,interval4_threshold1500,,-0.07991991103199325,-0.031846202300328086,,
12869,CCW,interval5_threshold1500,,-0.26279520344974117,0.042710591904263295,,
12870,CCW,1,3.313450875191096,-179.48756525348722,-0.3985186579287461,0.42819325917752005,8
12870,CCW,2,12.074858251915325,-539.2954359106967,-0.43749124911671117,0.31543504036825937,8
12870,CCW,3,20.843074438502015,-899.0996385779185,-0.6091587790279845,0.29611366378181625,8
12870,CCW,4,29.616363194226864,-1259.0700703890293,-0.5570717079019039,0.25333973679071997,8
12870,CCW,5,38.38852233457402,-1618.8909177747837,-0.5342072466784227,0.33248275374072495,8
12870,CCW,6,47.161941833796135,-1978.6388127954117,-0.5202118315918075,0.30513305301332105,8
12870,CCW,interval1_threshold800,,0.19190063679099012,-0.1269889079820527,,
12870,CCW,interval2_threshold800,,0.1963773606515815,-0.019796553651686866,,
12870,CCW,interval3_threshold800,,0.02976229881528525,0.02968002794281277,,
12870,CCW,interval4_threshold800,,0.17902873688512955,0.023277763381860828,,
12870,CCW,interval5_threshold800,,0.2533202279037141,0.0982997661363042,,
12870,CCW,interval1_threshold1200,,0.19225793516477552,0.03792917364303022,,
12870,CCW,interval2_threshold1200,,0.19477149394413118,-0.07892913283402292,,
12870,CCW,interval3_threshold1200,,0.029920318108111132,0.040786519637986796,,
12870,CCW,interval4_threshold1200,,0.17877333445335353,-0.051893378292745374,,
12870,CCW,interval5_threshold1200,,0.2515805635509878,0.026099675540993406,,
12870,CCW,interval1_threshold1500,,0.19217023434998737,0.08513764591400996,,
12870,CCW,interval2_threshold1500,,0.19416453499445652,0.037371822611586,,
12870,CCW,interval3_threshold1500,,0.030037031259098512,0.03188555084095446,,
12870,CCW,interval4_threshold1500,,0.17866469497789694,-0.04590782727476406,,
12870,CCW,interval5_threshold1500,,0.25086057919315863,-0.08233726433843325,,
12871,CCW,1,3.316924956632214,-179.61130585002866,-0.3749513761004998,0.3545456894739064,8
12871,CCW,2,12.089277256234794,-539.6449380649153,-0.40241727286800294,0.3245105630165503,8
12871,CCW,3,20.862479977727197,-899.6798481868591,-0.510009077167431,0.28635223593175857,8
12871,CCW,4,29.633697721159532,-1259.6132210917804,-0.4787250526056344,0.32255507527609023,8
12871,CCW,5,38.41513176701829,-1619.539013566804,-0.4831699768570875,0.32127618880478065,8
12871,CCW,6,47.19004902801185,-1979.5007650062184,-0.4333450172599646,0.4420404103402817,8
12871,CCW,interval1_threshold800,,-0.03380251201332385,-0.17157389994205235,,
12871,CCW,interval2_threshold800,,-0.034583663620878724,-0.04340993300570961,,
12871,CCW,interval3_threshold800,,0.06698128444031681,0.010150499548968073,,
12871,CCW,interval4_threshold800,,0.07426845084228262,0.04111537481108829,,
12871,CCW,interval5_threshold800,,0.038062505367179256,0.15788779108071765,,
12871,CCW,interval1_threshold1200,,-0.03334139343928655,0.009980453262783184,,
12871,CCW,interval2_threshold1200,,-0.03539682815107881,-0.018793275545838317,,
12871,CCW,interval3_threshold1200,,0.06594995052159902,-0.07402396765500846,,
12871,CCW,interval4_threshold1200,,0.07446061966038542,0.01357240097704343,,
12871,CCW,interval5_threshold1200,,0.03838296051844736,0.0009746253493871371,,
12871,CCW,interval1_threshold1500,,-0.03323337090608902,0.027402143820748792,,
12871,CCW,interval2_threshold1500,,-0.03565173364233942,0.07133896486225949,,
12871,CCW,interval3_threshold1500,,0.06554790863492599,-0.014245774104306497,,
12871,CCW,interval4_threshold1500,,0.0746478144383218,0.000993001516471248,,
12871,CCW,interval5_threshold1500,,0.0383422632314705,-0.07558972959940458,,
12885,CW,1,4.6747590982361364,178.92293702807373,-4.494908708340208,0.4957854447782787,8
12885,CW,2,13.338012753077875,538.771490237499,-4.5765891420071645,0.3531568511400904,8
12885,CW,3,22.00091296785449,898.4889695792892,-4.228222271106766,0.5609726497838162,8
12885,CW,4,30.67758068963807,1258.3914664411104,-4.158860185337708,0.4867796458021847,8
12885,CW,5,39.34803576596863,1618.880270606915,-4.171245334260628,0.6525111068189822,8
12885,CW,6,48.01482321595901,1979.5809601850326,-4.301424795864672,0.5139054283656433,8
12885,CW,interval1_threshold800,,-0.15233547558369764,-0.02825104559404501,,
12885,CW,interval2_threshold800,,-0.28136025686433186,0.23186470910235535,,
12885,CW,interval3_threshold800,,-0.0960808067140988,0.06486546640091984,,
12885,CW,interval4_threshold800,,0.4901083910788202,-0.1554107865870007,,
12885,CW,interval5_threshold800,,0.6983796662016175,-0.004527922991965916,,
12885,CW,interval1_threshold1200,,-0.14946729643833123,-0.10215750088888864,,
12885,CW,interval2_threshold1200,,-0.2849481287553317,0.46367200245460083,,
12885,CW,interval3_threshold1200,,-0.09825608742573877,0.03776040531345615,,
12885,CW,interval4_threshold1200,,0.4859778947632094,0.017979327871560535,,
12885,CW,interval5_threshold1200,,0.7013102772741604,-0.17902452987811301,,
12885,CW,interval1_threshold1500,,-0.14975654353185064,0.05055428038859766,,
12885,CW,interval2_threshold1500,,-0.2832805181043341,0.292729255466349,,
12885,CW,interval3_threshold1500,,-0.09979403482088856,0.02836328463596738,,
12885,CW,interval4_threshold1500,,0.4838433941265521,-0.08472442072368169,,
12885,CW,interval5_threshold1500,,0.7006955435572308,-0.18558526660535968,,
12886,CW,1,4.64770696382797,179.30025020606348,-3.5930231271667012,0.5851123413359981,8
12886,CW,2,13.270117527396746,539.2283487310837,-3.6698601357945777,0.5698243772113377,8
12886,CW,3,21.889188886461195,899.2408388019519,-3.6249760578719616,0.5013221169052585,8
12886,CW,4,30.516654338477867,1259.3619763151482,-3.587434060732534,0.5649627303156717,8
12886,CW,5,39.144677958467305,1619.5466662670956,-3.5775600172681603,0.5213994201296086,8
12886,CW,6,47.7918549240853,1980.2977059818857,-3.5924378399832086,0.586496078743141,8
12886,CW,interval1_threshold800,,-0.07328055313524828,-0.055888003205045944,,
12886,CW,interval2_threshold800,,0.008787801450125698,0.18389844980600945,,
12886,CW,interval3_threshold800,,0.12257675152022784,0.09015521806767302,,
12886,CW,interval4_threshold800,,0.18402508686472174,0.05738589549309836,,
12886,CW,interval5_threshold800,,0.7521944280777006,-0.12493687916744278,,
12886,CW,interval1_threshold1200,,-0.07169235080721137,-0.034746878630410816,,
12886,CW,interval2_threshold1200,,0.015110556777472084,-0.10427019674080817,,
12886,CW,interval3_threshold1200,,0.1157565120253139,-0.04830798898381161,,
12886,CW,interval4_threshold1200,,0.1891185693166335,0.012904751797401026,,
12886,CW,interval5_threshold1200,,0.7517741876204127,0.0370720534553417,,
12886,CW,interval1_threshold1500,,-0.07109531148398673,-0.040107783179561984,,
12886,CW,interval2_threshold1500,,0.01568371112296063,-0.18375776720125137,,
12886,CW,interval3_threshold1500,,0.11062704317259886,-0.09548192942519673,,
12886,CW,interval4_threshold1500,,0.19265769124535836,0.01431795696238769,,
12886,CW,interval5_threshold1500,,0.7535007797275739,0.022173728506638568,,
12887,CW,1,4.648943037437715,178.64881379305726,-3.604520932916364,0.5682878433876197,8
12887,CW,2,13.287023244529095,538.7511100154458,-3.6703200916098395,0.4254437688711617,8
12887,CW,3,21.917370409326118,898.3849797597047,-3.6111939938280573,0.6026808505257234,8
12887,CW,4,30.5463062995685,1258.0012483600744,-3.5328220519084206,0.5898726460804338,8
12887,CW,5,39.17261097734138,1618.40513187396,-3.50894868862824,0.5826890964363056,8
12887,CW,6,47.8017073830012,1978.658487806849,-3.6805382182651583,0.6225443269823617,8
12887,CW,interval1_threshold800,,0.10245897224933742,-0.08442975258482477,,
12887,CW,interval2_threshold800,,-0.3651727941419267,-0.13665176843419458,,
12887,CW,interval3_threshold800,,-0.38081448479317714,-0.06082043323031261,,
12887,CW,interval4_threshold800,,0.4007721757534455,0.1960797316656091,,
12887,CW,interval5_threshold800,,0.2523700953227035,-0.24643759874526916,,
12887,CW,interval1_threshold1200,,0.10601169145115819,-0.0073290039418751896,,
12887,CW,interval2_threshold1200,,-0.36405759933245463,0.10594724398828292,,
12887,CW,interval3_threshold1200,,-0.38666155906912536,0.24950572196192722,,
12887,CW,interval4_threshold1200,,0.40237956496730476,-0.22711421022262313,,
12887,CW,interval5_threshold1200,,0.2578488141411981,-0.0006525482869395027,,
12887,CW,interval1_threshold1500,,0.10860191225680182,-0.04134370347213778,,
12887,CW,interval2_threshold1500,,-0.3629861204462941,0.12100999276679447,,
12887,CW,interval3_threshold1500,,-0.3875475456724189,0.359747658416393,,
12887,CW,interval4_threshold1500,,0.39761215992871257,-0.39786312489887443,,
12887,CW,interval5_threshold1500,,0.2642020034338657,0.10674023702460467,,
12888,CW,1,4.631706499954247,178.81143391352316,-3.4596103431287943,0.5024177741477974,8
12888,CW,2,13.233819131180628,538.3557085820917,-3.4987913005002884,0.5798707673290316,8
12888,CW,3,21.84581552640563,897.8888432132283,-3.6403953001745126,0.5865462762997508,8
12888,CW,4,30.456197224473588,1257.4062882172188,-3.5443492454303267,0.5280923271335601,8
12888,CW,5,39.078093591394065,1617.1563097693277,-3.6302784825719248,0.5732517180165598,8
12888,CW,6,47.69215484891928,1977.099542649571,-3.5847223184351265,0.6111032545829891,8
12888,CW,interval1_threshold800,,-0.4526272420721398,-0.2197070086348707,,
12888,CW,interval2_threshold800,,-0.469584108965023,-0.04941952637898517,,
12888,CW,interval3_threshold800,,-0.4825701072558104,0.2129186397793994,,
12888,CW,interval4_threshold800,,-0.2524220134932875,-0.2600080817669568,,
12888,CW,interval5_threshold800,,-0.05281915884097543,0.052565540833307,,
12888,CW,interval1_threshold1200,,-0.45526414098623036,0.16208592791794496,,
12888,CW,interval2_threshold1200,,-0.4637540395480073,-0.11973669108295715,,
12888,CW,interval3_threshold1200,,-0.4868444725631207,-0.14165354457233015,,
12888,CW,interval4_threshold1200,,-0.24512300589572078,0.0575508207418749,,
12888,CW,interval5_threshold1200,,-0.05878989561074377,0.1605550269795839,,
12888,CW,interval1_threshold1500,,-0.45218494482037386,0.36744177785343357,,
12888,CW,interval2_threshold1500,,-0.46188826579589204,-0.11072756288514674,,
12888,CW,interval3_threshold1500,,-0.4908080349815691,-0.3160729157172435,,
12888,CW,interval4_threshold1500,,-0.23999794643418682,0.0987202865012704,,
12888,CW,interval5_threshold1500,,-0.059432731964989216,0.29955839785543414,,
12890,CW,1,4.704016742922483,178.5064123799253,-3.9021522792878884,0.5928468671527326,8
12890,CW,2,13.462650149329473,538.310072295501,-3.9167867764087965,0.5722497365559468,8
12890,CW,3,22.225432943312963,898.3471848394025,-3.8941879983877463,0.5441251472257965,8
12890,CW,4,30.98508434665,1258.4028721257387,-4.092771148815323,0.4772501360864804,8
12890,CW,5,39.75294883050205,1618.3025098728579,-4.060650178514329,0.5506203147498754,8
12890,CW,6,48.52693232087316,1978.1508516795043,-4.00040652010943,0.529482977118974,8
12890,CW,interval1_threshold800,,-0.19724269254049887,0.04490920653525832,,
12890,CW,interval2_threshold800,,0.03844139147804526,0.02873310338966073,,
12890,CW,interval3_threshold800,,0.054309380700829024,-0.051862672593065984,,
12890,CW,interval4_threshold800,,-0.09893244712839078,-0.029835756456391582,,
12890,CW,interval5_threshold800,,-0.1523697231807546,0.11707393177979153,,
12890,CW,interval1_threshold1200,,-0.19531030169468977,-0.10041305645738907,,
12890,CW,interval2_threshold1200,,0.03453720191293996,0.01624081695811963,,
12890,CW,interval3_threshold1200,,0.05700652379357507,-0.1324637834797957,,
12890,CW,interval4_threshold1200,,-0.10114210758956688,0.1070476286406361,,
12890,CW,interval5_threshold1200,,-0.15098616108411989,-0.10166354936434008,,
12890,CW,interval1_threshold1500,,-0.19428104033744376,-0.14302875287725625,,
12890,CW,interval2_threshold1500,,0.03168304241603437,0.024823962855591297,,
12890,CW,interval3_threshold1500,,0.057023297993850974,-0.028109586464207137,,
12890,CW,interval4_threshold1500,,-0.10045956057751937,0.0015758718293090723,,
12890,CW,interval5_threshold1500,,-0.15147186229000908,-0.015667727006899668,,
