log,direction,parameter,value,baseline_X_mm,corrected_X_mm,baseline_closure_rms_mm,corrected_closure_rms_mm
12866,CW,gyro_bias_dps,-0.07317154450843141,10.136439551999365,12.4124421351333,15.313674149478512,14.84034841051547
12866,CW,gyro_gain_pct,-0.1765067543263623,10.136439551999365,11.743845646836826,15.313674149478512,15.004754057240598
12867,CW,gyro_bias_dps,0.04121961189706446,21.94635711658225,20.83385749454005,22.020843416161156,21.277423120664107
12867,CW,gyro_gain_pct,0.0994098468849092,21.94635711658225,21.205221766677916,22.020843416161156,21.475718831324006
12868,CW,gyro_bias_dps,-0.020538471400536433,17.774187562867336,18.352914375163415,18.480634716873645,18.792597396974998
12868,CW,gyro_gain_pct,-0.04939883560287923,17.774187562867336,18.167367829359637,18.480634716873645,18.6911555263713
12869,CCW,gyro_bias_dps,-0.008105423761337154,13.896617519012306,13.670817164120582,14.540684994265089,14.390601251195314
12869,CCW,gyro_gain_pct,0.019753921394209596,13.896617519012306,13.750341030918957,14.540684994265089,14.432272473694045
12870,CCW,gyro_bias_dps,-0.022131790867209764,15.368568093039903,14.732667144431707,15.775262722749716,15.26434010877211
12870,CCW,gyro_gain_pct,0.05393908005591237,15.368568093039903,14.95200810378842,15.775262722749716,15.414730551760233
12871,CCW,gyro_bias_dps,-0.0038505232655606882,13.723428303682681,13.613153596420693,14.273960439590432,14.180856318061238
12871,CCW,gyro_gain_pct,0.009385825563358569,13.723428303682681,13.651228449153018,14.273960439590432,14.21100438837894
12885,CW,gyro_bias_dps,-0.01071847155605266,7.82213024934872,8.12305298410854,9.552322812245954,9.695870025980994
12885,CW,gyro_gain_pct,-0.02579830475910519,7.82213024934872,8.021732988113353,9.552322812245954,9.648019612358617
12886,CW,gyro_bias_dps,-0.023105578294348512,8.778504726122696,9.451773115809669,10.2559182480179,10.373506465279275
12886,CW,gyro_gain_pct,-0.05535102148210736,8.778504726122696,9.231788474517362,10.2559182480179,10.345049129772386
12887,CW,gyro_bias_dps,-0.001985766159831826,6.509928282210422,6.565151000889341,7.421832106227653,7.435666879793495
12887,CW,gyro_gain_pct,-0.004760602144406074,6.509928282210422,6.546690437613506,7.421832106227653,7.433348701413662
12888,CW,gyro_bias_dps,0.03685004103502136,6.322468258407843,5.323603319282188,6.827997366244642,6.2881353521003
12888,CW,gyro_gain_pct,0.08823832404480889,6.322468258407843,5.669144481854119,6.827997366244642,6.354064528125182
12890,CW,gyro_bias_dps,0.005871504809893857,9.512737991649692,9.348498392513557,10.189271532539335,10.132662226966826
12890,CW,gyro_gain_pct,0.014297627574680997,9.512737991649692,9.401666192267408,10.189271532539335,10.142872805395326
