log,direction,rows,battery_V,temp_start_C,temp_end_C,max_gap_ms,mean_target_mps,encopt_minus_rawavg_min_p,encopt_minus_rawavg_max_p,sha256
12866,CW,5550,8.30,28.75,32.625,11.000000000001009,0.49983626053534175,-0.5,0.0,5284dc8767213b0b9a0d7b8639f643c7ef52c8af23f104f87f326f373345fbbf
12867,CW,5544,8.23,33.625,34.875,11.000000000002785,0.49983626053534175,0.0,0.5,e97c3297190c8108269df3a36e8fe155dfe9a3c859eb29a1a1b4ad10252b4bf0
12868,CW,5544,8.19,35.5,35.875,11.000000000002785,0.49983626053534175,0.0,0.5,96226c2eb9c549b8b0e76a91cf643c5dd8ef3a35882a0792fa027a0ddee48862
12869,CCW,5588,8.15,29.125,33.375,11.000000000002785,0.49983626053534186,0.0,0.5,be6e056326360c2b3c679638d7370bb0c542a8325f1a1c8f50846c771616d298
12870,CCW,5590,8.10,34.75,35.375,11.000000000002785,0.4998362605353418,-0.5,0.0,0033fa4c5b9da7ad2f451d84a436d1a2154037b5971def7b97d9c50411c9bb37
12871,CCW,5590,8.06,36.25,36.25,11.000000000002785,0.4998362605353418,0.0,0.5,bf8ac64412e804f98f2f9695b08f70dd6492cdcd08f85ec2e8ded1ccd4ad7f91
12885,CW,5565,7.77,26.0,31.0,11.000000000002785,0.4998362605353418,-0.5,0.0,ad83041cb3707c6ce2560b2a9a29acdd58f3f59a1a7f1a94f6fbe996ba982eb4
12886,CW,5564,7.72,25.375,30.5,11.000000000002785,0.49983626053534175,-0.5,0.0,5c66f4fe50b841bcff7475c112710d4453d9269ca6ad918b409aa3f2af8fcf0b
12887,CW,5565,7.68,31.375,33.125,11.000000000002785,0.4998362605353418,0.0,0.5,ef294311a1dfc30b980a61926133df452b73cd136d24aa0aa340290dd063feab
12888,CW,5564,7.57,32.25,34.5,11.000000000002785,0.49983626053534175,0.0,0.5,0c709c37b683dc7c102e001611d573d439397a06314604efae0b6ad5fda74bce
12890,CW,5538,7.52,32.25,34.25,11.000000000002785,0.4998362605353418,-0.5,0.0,942b8f37f2adaca50e06456583b4c1d00f23ffe13ddb58343de83db7ea08dc46
