log,threshold,mean_turn_residual_deg,std_turn_residual_deg
12866,800,0.6111701887322347,0.5516168878260653
12866,1000,0.6364802536748135,0.6450330559700852
12866,1200,0.6310896186551613,0.5886402260242659
12866,1500,0.6053576424560495,0.43998299994517465
12867,800,-0.38560563330125247,0.15286699899375955
12867,1000,-0.35743993099890015,0.14935679333795504
12867,1200,-0.3696216448018633,0.1567264397211044
12867,1500,-0.41528629406165846,0.16885445000072322
12868,800,0.14686085193199522,0.19041213131871834
12868,1000,0.1778847943634531,0.20256641330024128
12868,1200,0.14551457184744354,0.1829458042359604
12868,1500,0.12441877799460296,0.19890537524941218
12869,800,0.03583165417883825,0.29345707506307733
12869,1000,0.07110701269631248,0.3232700916232299
12869,1200,0.044507082625941205,0.30562283447325045
12869,1500,0.025119032493590966,0.2881868445749745
12870,800,0.16918343304389247,0.10353380992744589
12870,1000,0.19408912634771697,0.1278396149902692
12870,1200,0.1746621575052234,0.10036123850595667
12870,1500,0.16394942940424898,0.11233867574745432
12871,800,0.023351246504512813,0.08368920892745636
12871,1000,0.03378689699393559,0.0379004796908371
12871,1200,0.03566901454433989,0.0640164414072413
12871,1500,0.019950855052104276,0.08707014917662291
12885,800,0.11003421955760917,0.4806114760591991
12885,1000,0.09290784889666223,0.5155783491067305
12885,1200,0.08327739090907045,0.5550688634787823
12885,1500,0.1100741416129674,0.5360069841421611
12886,800,0.16873776675664712,0.36743762493322246
12886,1000,0.19937409772773645,0.2920623438182799
12886,1200,0.22748314680698173,0.25520244214157
12886,1500,0.25684594162429775,0.2529874173942854
12887,800,0.0683747571438749,0.3022839800425789
12887,1000,0.01713825982812347,0.3863046162186205
12887,1200,-0.020967258268138257,0.46890227408602453
12887,1500,-0.025681730067222564,0.5421187005982866
12888,800,-0.28927443889182597,0.24789501295232425
12888,1000,-0.31735585772915587,0.17198363037235898
12888,1200,-0.36571541891758785,0.13387353929386128
12888,1500,-0.4086463815209518,0.21646224273804407
12890,800,-0.0929623806652046,0.14433884629568866
12890,1000,-0.051461291919901966,0.17151903756861797
12890,1200,-0.028928580191818477,0.13178058637993548
12890,1500,-0.039419978226324835,0.07874740778983036
