batch,direction,parameter,value,mean_X_mm,mean_Y_mm,mean_closure_mm,rms_change_from_baseline_mm
12866-12871,CW,gyro_bias_dps,-0.1,19.257169084871105,1.4404199865493221,19.897480750383405,7.068160060767908
12866-12871,CW,gyro_bias_dps,0.1,13.424296040733717,-11.297252693297578,18.85959324160016,7.013796235550934
12866-12871,CW,gyro_gain_pct,-0.1,17.41925799364279,-3.3931592615317525,18.735611936066206,1.888116323782569
12866-12871,CW,gyro_gain_pct,0.1,15.765509620959028,-6.732263129631023,18.325654717534203,1.8717848034360016
12866-12871,CW,wheel_relative_pct,-1,16.64535408216775,-5.079520268265897,18.49694116807741,0.02720255077997987
12866-12871,CW,wheel_relative_pct,1,16.592635405464875,-5.090087214076433,18.45236645133452,0.027202550780052355
12866-12871,CW,yaw_time_shift_ms,-1,16.596818103309186,-5.135340410989678,18.47060250719422,0.056168735985901004
12866-12871,CW,yaw_time_shift_ms,1,16.643156419975607,-5.114477666064071,18.506430815971957,0.039648192766587285
12866-12871,CW,yaw_time_shift_ms,-5,16.507284325624127,-5.242791518110092,18.423847403727507,0.2002876088564244
12866-12871,CW,yaw_time_shift_ms,5,16.737817362410023,-5.13861045407771,18.601495809741454,0.1404197986011225
12866-12871,CW,yaw_time_shift_ms,-10,16.400020683916797,-5.234181297198036,18.32289326279533,0.28543762821373775
12866-12871,CW,yaw_time_shift_ms,10,16.859557190479585,-5.024706096885878,18.677639198820835,0.2680253787328434
12866-12871,CW,distance_common_pct,-1,16.45280479637817,-5.033955703759743,18.28990095426186,0.18805673082462884
12866-12871,CW,distance_common_pct,1,16.78518469125454,-5.135651778583402,18.65939390283294,0.18805673082488938
12866-12871,CW,heading_left,0,16.620975194943835,-4.977885744451893,18.43745084894327,0.1093650350738708
12866-12871,CW,heading_right,0,16.609816038057442,-4.977505302693999,18.436420469854014,0.10916317310693771
12866-12871,CCW,gyro_bias_dps,-0.1,11.696232852185988,-6.401136706606807,13.599753556947247,5.7358364035061715
12866-12871,CCW,gyro_bias_dps,0.1,17.425997064748653,3.563851062070009,17.82794584175586,5.797598258064165
12866-12871,CCW,gyro_gain_pct,-0.1,15.121454810322726,-0.27440212280105364,15.182914118949471,1.319423168829621
12866-12871,CCW,gyro_gain_pct,0.1,13.586678161579963,-2.3760225278486953,13.9064439588266,1.301564107308303
12866-12871,CCW,wheel_relative_pct,-1,14.360083091815417,-1.3136104773596258,14.499896630415211,0.03084825705161712
12866-12871,CCW,wheel_relative_pct,1,14.298992852008329,-1.3217602286696326,14.440623440491185,0.030848257051007917
12866-12871,CCW,yaw_time_shift_ms,-1,14.399162105872453,-1.2923848946052052,14.536413314418251,0.07424366121509277
12866-12871,CCW,yaw_time_shift_ms,1,14.26477294281777,-1.4195808318233996,14.417715688509285,0.12084711803307596
12866-12871,CCW,yaw_time_shift_ms,-5,14.673209533148436,-1.1027384996348284,14.78913631373852,0.4061242959209609
12866-12871,CCW,yaw_time_shift_ms,5,14.002036312780577,-1.738148424158244,14.199804407883017,0.5335729654485445
12866-12871,CCW,yaw_time_shift_ms,-10,15.00460333628959,-0.7153174400156229,15.088568591250858,0.9062061735116211
12866-12871,CCW,yaw_time_shift_ms,10,13.663082283353917,-1.9841732104730336,13.904714007753077,0.9438811798815114
12866-12871,CCW,distance_common_pct,-1,14.186242592192343,-1.304508499484337,14.325554348262,0.14877683295317254
12866-12871,CCW,distance_common_pct,1,14.472833351630447,-1.3308622065448985,14.614959486610582,0.14877683295264266
12866-12871,CCW,heading_left,0,14.32989418887211,-1.218475437439945,14.460240174822554,0.0996343769710265
12866-12871,CCW,heading_right,0,14.31311534772276,-1.209763102811653,14.442624531944917,0.1095375917135337
12885-12890,CW,gyro_bias_dps,-0.1,10.319971927719502,3.855125114290697,11.22163674747978,6.552421477659119
12885-12890,CW,gyro_bias_dps,0.1,4.732859790629082,-7.9135652881835155,9.766682459309875,6.504218581250589
12885-12890,CW,gyro_gain_pct,-0.1,8.540822358229361,-0.7077112463429216,8.951581232513407,1.6581695079906211
12885-12890,CW,gyro_gain_pct,0.1,6.990273236341509,-3.6129535804339437,8.39807519900282,1.642848527847656
12885-12890,CW,wheel_relative_pct,-1,7.812892005259405,-2.1862110232877603,8.57368307714396,0.02432307581773844
12885-12890,CW,wheel_relative_pct,1,7.765415797836067,-2.177415712541085,8.52817994893112,0.024323075818034647
12885-12890,CW,yaw_time_shift_ms,-1,7.738697158170312,-2.216888114875337,8.515720365834088,0.06275309693424652
12885-12890,CW,yaw_time_shift_ms,1,7.842055015613673,-2.2257228423793185,8.61078996299514,0.06993677199064693
12885-12890,CW,yaw_time_shift_ms,-5,7.5347040050468195,-2.2652803880047347,8.348053098495372,0.2752381312783647
12885-12890,CW,yaw_time_shift_ms,5,8.050437350662337,-2.309592973143572,8.82192183482192,0.2978319786971906
12885-12890,CW,yaw_time_shift_ms,-10,7.277719016119822,-2.1822537332095315,8.09602179533328,0.526968114352538
12885-12890,CW,yaw_time_shift_ms,10,8.307344761060385,-2.2697676847943105,9.042230398421125,0.5406534936749591
12885-12890,CW,distance_common_pct,-1,7.711262362532434,-2.1599952342350957,8.465417621746075,0.08966126526314938
12885-12890,CW,distance_common_pct,1,7.867045440563183,-2.2036315015934225,8.63643615955898,0.08966126526306993
12885-12890,CW,heading_left,0,7.784352864244961,-2.075608450880304,8.515533302640506,0.10744230779578443
12885-12890,CW,heading_right,0,7.787285184735096,-2.0745735935723495,8.521417347283062,0.1081153784652158
