log,max_error_mm,end_error_mm
12830,0.059515413206574996,0.059515413206574996
12831,0.08878258246746534,0.0439708860945577
12832,0.0573712965024526,0.03255166045737181
12833,0.029153543743517085,0.020748816934123754
12834,0.02523368228421328,0.021554177351397037
12835,0.03466554914272433,0.01164347025629014
12836,0.020176043655566387,0.013081104321433303
12837,0.04124299718449684,0.03237453609625425
12838,0.07765469554005743,0.0031753709965122597
12839,0.07470660382985866,0.03307787594781024
12840,0.03122990338308887,0.028217148469493473
12841,0.06614906806888692,0.04330969654429139
12842,0.054497844925463924,0.054497844925463924
12844,0.06161081394023879,0.04513314908191183
12845,0.043042539107734826,0.0046411456177699074
12846,0.022888267692943526,0.013069586861369725
12847,0.042402434167847856,0.021681472605331778
12848,0.02919736399624106,0.022532820880875108
