group,method,registration,threshold_mm,first_sustained_pct,end_shape_mm
CW30-37,right,normalized_distance,2,43.4,7.767322191420109
CW30-37,right,normalized_distance,5,80.0,7.767322191420109
CW30-37,right,absolute_distance,2,41.400000000000006,8.197295080972651
CW30-37,right,absolute_distance,5,82.9,8.197295080972651
CW30-37,trapezoid,normalized_distance,2,42.9,7.860264661425128
CW30-37,trapezoid,normalized_distance,5,79.9,7.860264661425128
CW30-37,trapezoid,absolute_distance,2,41.1,8.323093123644949
CW30-37,trapezoid,absolute_distance,5,82.5,8.323093123644949
CW30-37,trapezoid_calibrated,normalized_distance,2,42.9,7.859559513082745
CW30-37,trapezoid_calibrated,normalized_distance,5,79.9,7.859559513082745
CW30-37,trapezoid_calibrated,absolute_distance,2,41.1,8.322159356425828
CW30-37,trapezoid_calibrated,absolute_distance,5,82.5,8.322159356425828
CW38-42,right,normalized_distance,2,24.0,5.863722808817549
CW38-42,right,normalized_distance,5,59.5,5.863722808817549
CW38-42,right,absolute_distance,2,22.900000000000002,6.144481268687243
CW38-42,right,absolute_distance,5,56.300000000000004,6.144481268687243
CW38-42,trapezoid,normalized_distance,2,23.5,6.000100298364351
CW38-42,trapezoid,normalized_distance,5,59.4,6.000100298364351
CW38-42,trapezoid,absolute_distance,2,22.400000000000002,6.289752676692299
CW38-42,trapezoid,absolute_distance,5,56.400000000000006,6.289752676692299
CW38-42,trapezoid_calibrated,normalized_distance,2,23.5,6.000034546674343
CW38-42,trapezoid_calibrated,normalized_distance,5,59.4,6.000034546674343
CW38-42,trapezoid_calibrated,absolute_distance,2,22.400000000000002,6.289522105906162
CW38-42,trapezoid_calibrated,absolute_distance,5,56.400000000000006,6.289522105906162
CCW44-48,right,normalized_distance,2,25.5,7.650940804185322
CCW44-48,right,normalized_distance,5,50.0,7.650940804185322
CCW44-48,right,absolute_distance,2,25.5,7.693042635827679
CCW44-48,right,absolute_distance,5,49.9,7.693042635827679
CCW44-48,trapezoid,normalized_distance,2,25.6,7.636489854060405
CCW44-48,trapezoid,normalized_distance,5,50.1,7.636489854060405
CCW44-48,trapezoid,absolute_distance,2,25.6,7.682770584521974
CCW44-48,trapezoid,absolute_distance,5,49.8,7.682770584521974
CCW44-48,trapezoid_calibrated,normalized_distance,2,25.6,7.636996288960622
CCW44-48,trapezoid_calibrated,normalized_distance,5,50.1,7.636996288960622
CCW44-48,trapezoid_calibrated,absolute_distance,2,25.6,7.683293869073222
CCW44-48,trapezoid_calibrated,absolute_distance,5,49.8,7.683293869073222
