log,direction,bin,begin_pct,end_pct,begin_mm,end_mm,local_increment_mm,local_increment_X_mm,local_increment_Y_mm,mean_abs_gyro_dps
12830,CW,1,0,5,0.0,236.31988709673243,0.2045605270489002,-0.07267932852427927,0.15244996421508716,13.162654369233776
12830,CW,2,5,10,236.31988709673243,472.63977419346486,0.26819418856167265,-0.10943107468523428,0.1559651570606988,20.185628904874765
12830,CW,3,10,15,472.63977419346486,708.9596612901973,0.4050187179849037,-0.14919004576537986,0.26876155245612665,263.8086353053587
12830,CW,4,15,20,708.9596612901973,945.2795483869297,0.5647623883056853,0.11233764113719502,0.06657368549480225,120.15079620549626
12830,CW,5,20,25,945.2795483869297,1181.599435483662,0.4724955952775303,-0.01630690185308481,-0.41758979031888543,165.15654834424586
12830,CW,6,25,30,1181.599435483662,1417.9193225803947,0.5657300931030368,-0.3913351376025389,-0.38103936902234636,186.03915264736688
12830,CW,7,30,35,1417.9193225803947,1654.239209677127,0.5450190984408885,-0.25766395420606614,-0.1596382185315548,34.99403750593771
12830,CW,8,35,40,1654.239209677127,1890.5590967738594,0.5466928312551127,-0.10055253767478689,-0.1470864772186644,4.958799076597639
12830,CW,9,40,45,1890.5590967738594,2126.878983870592,0.5376482459563798,-0.06699657610980125,-0.14773223790429313,4.762232166196348
12830,CW,10,45,50,2126.878983870592,2363.198870967324,0.5259530107452286,-0.10582290946206285,-0.14727502217192523,4.883852824153509
12830,CW,11,50,55,2363.198870967324,2599.518758064057,0.5083958586916424,-0.16737822011464232,-0.14442836085126487,19.97618475012066
12830,CW,12,55,60,2599.518758064057,2835.8386451607894,1.3881361622117994,-1.0191984614526177,0.8489825236812578,337.6580132843536
12830,CW,13,60,65,2835.8386451607894,3072.1585322575215,0.8943459902321711,-0.17677615326682883,0.8448304554445372,34.51278808599291
12830,CW,14,65,70,3072.1585322575215,3308.478419354254,1.7372989642278487,0.2500862055955366,1.5827573174748863,156.94997703148974
12830,CW,15,70,75,3308.478419354254,3544.7983064509863,3.629253696514643,2.921921241673118,-0.2518982586075822,554.689623716741
12830,CW,16,75,80,3544.7983064509863,3781.118193547719,1.9474152986674782,-0.23361722097297388,1.9294857474955336,163.7179267932693
12830,CW,17,80,85,3781.118193547719,4017.4380806444515,2.625254784530096,-2.5263802610593444,0.7097120362759597,410.532755200952
12830,CW,18,85,90,4017.4380806444515,4253.757967741184,2.6433600508575523,-1.2893577421685336,-2.30747973058277,194.0593536888353
12830,CW,19,90,95,4253.757967741184,4490.077854837917,2.3643216948876002,-1.7816012451359051,-1.553247402333767,184.31018786317225
12830,CW,20,95,100,4490.077854837917,4726.397741934648,2.1186239850350552,-2.1127437383861714,-0.13954525997141243,125.7749673193355
12831,CW,1,0,5,0.0,236.56486811260925,0.09281254845702747,-0.04296005768129141,-0.042947843422510346,13.416028832585267
12831,CW,2,5,10,236.56486811260925,473.1297362252185,0.15235505975100325,-0.09000496979959327,-0.040664831638267174,20.27171439645284
12831,CW,3,10,15,473.1297362252185,709.6946043378279,0.3036105332304058,-0.025191319885025543,-0.08041941063561353,262.2613195034325
12831,CW,4,15,20,709.6946043378279,946.259472450437,0.4134148530449836,-0.035328090921773025,-0.1537297220902758,120.5359916600359
12831,CW,5,20,25,946.259472450437,1182.8243405630462,0.46291925743538026,-0.05069480761444822,-0.016273749116408,166.43448773284354
12831,CW,6,25,30,1182.8243405630462,1419.3892086756557,0.566834097803089,0.2396842908665633,0.13758719513855056,186.45586820036652
12831,CW,7,30,35,1419.3892086756557,1655.954076788265,0.6685145006088963,0.462549808635373,0.058108166801034145,34.408382805185965
12831,CW,8,35,40,1655.954076788265,1892.518944900874,0.5752390887386645,0.319071112198003,0.037954234765340544,5.287862607514813
12831,CW,9,40,45,1892.518944900874,2129.0838130134835,0.5892546175362319,0.33692950549729517,0.03656849605631507,4.249029352824811
12831,CW,10,45,50,2129.0838130134835,2365.6486811260925,0.562592819271811,0.35986832772479715,0.037459838462268635,4.6882185621540735
12831,CW,11,50,55,2365.6486811260925,2602.213549238702,0.555060890676633,0.40658995962141375,0.035839609594404465,19.698724400633754
12831,CW,12,55,60,2602.213549238702,2838.7784173513114,0.9433011527372359,0.3552536057855207,-0.3909081259644722,337.9423987644941
12831,CW,13,60,65,2838.7784173513114,3075.3432854639204,0.9332931301488108,0.05240267367223339,0.15069991245573533,33.227451606475384
12831,CW,14,65,70,3075.3432854639204,3311.90815357653,1.5649502634225025,0.0349381277991867,0.22865687359816889,162.68090965294812
12831,CW,15,70,75,3311.90815357653,3548.4730216891385,2.7384243666529264,-0.7719348030788424,-0.2321190435952758,543.1490386534728
12831,CW,16,75,80,3548.4730216891385,3785.037889801748,1.6107460130510922,0.1983751445505959,-1.2125675220136714,165.00318813230757
12831,CW,17,80,85,3785.037889801748,4021.6027579143574,1.5511983676405854,1.1735363007922643,-0.27442277930666137,410.4688467916064
12831,CW,18,85,90,4021.6027579143574,4258.167626026967,1.736160488247876,0.7238368758140794,1.5733425783155894,195.59106890462192
12831,CW,19,90,95,4258.167626026967,4494.732494139576,2.1389982238799905,1.5377360130281224,1.4858288318921353,183.61898628808305
12831,CW,20,95,100,4494.732494139576,4731.297362252185,2.1825209110966166,2.1711790979558643,0.20865182244169106,124.53606782961775
12832,CW,1,0,5,0.0,236.4641078891878,0.30565406716774507,0.29754801120797714,-0.0007575685321654646,12.814045407483597
12832,CW,2,5,10,236.4641078891878,472.9282157783756,0.4739431477981121,0.4687895168442062,-0.012039897209490391,19.989441659854876
12832,CW,3,10,15,472.9282157783756,709.3923236675635,0.8883121634155724,0.7058962746256654,-0.4037073801734863,262.5867942207746
12832,CW,4,15,20,709.3923236675635,945.8564315567512,0.7652117231145582,0.12661892387583862,-0.7513267037753906,121.30779154171405
12832,CW,5,20,25,945.8564315567512,1182.320539445939,0.508826670331641,-0.13673539177069927,-0.47757916955012547,166.2793067601829
12832,CW,6,25,30,1182.320539445939,1418.784647335127,0.8773158533862524,-0.7279395010517931,-0.2396549677605435,185.51718902478473
12832,CW,7,30,35,1418.784647335127,1655.2487552243147,0.4083128549101497,-0.32646938393571645,-0.005817420708375209,34.99426015257986
12832,CW,8,35,40,1655.2487552243147,1891.7128631135024,0.607679721090971,-0.5936791342108734,0.005270745741587035,5.505258979454418
12832,CW,9,40,45,1891.7128631135024,2128.17697100269,0.5684359753443597,-0.5547620514328457,0.005842480329267374,4.337049943212651
12832,CW,10,45,50,2128.17697100269,2364.641078891878,0.5587556969874138,-0.5435996886027397,0.003135599677776213,4.527361151733994
12832,CW,11,50,55,2364.641078891878,2601.105186781066,0.5394066998790397,-0.41092982036786907,0.00040668173673452657,20.497835591100827
12832,CW,12,55,60,2601.105186781066,2837.569294670254,1.229820459658078,-0.42170341748948204,0.92922275530006,338.24774942770364
12832,CW,13,60,65,2837.569294670254,3074.0334025594416,0.4180234160865593,-0.01680025802744467,-0.0029419803463213157,35.1709696712566
12832,CW,14,65,70,3074.0334025594416,3310.4975104486293,1.3338296114255637,-0.4047912464095269,-1.2518142077222478,164.95313690701346
12832,CW,15,70,75,3310.4975104486293,3546.9616183378166,3.692768256063836,-3.535555832510127,1.0134824765999326,541.0728368658298
12832,CW,16,75,80,3546.9616183378166,3783.425726227005,0.9387002762782909,0.0712448782057713,-0.2683215500981362,163.7289081517307
12832,CW,17,80,85,3783.425726227005,4019.889834116193,1.1074214630374637,0.7975811181895551,-0.11949450089038294,409.8019733271093
12832,CW,18,85,90,4019.889834116193,4256.35394200538,1.5138883862369361,0.5831767210044703,1.3895701718735154,195.28628165850347
12832,CW,19,90,95,4256.35394200538,4492.8180498945685,1.8653487795671282,1.3164505416046675,1.3067410094166547,183.49614814508456
12832,CW,20,95,100,4492.8180498945685,4729.282157783756,1.8053079277837785,1.7754487514353126,0.2400407700568652,127.46933720850791
12833,CW,1,0,5,0.0,236.4256869129448,0.49950532364079386,0.49578668258634706,-0.011244262884858358,12.811568357463829
12833,CW,2,5,10,236.4256869129448,472.8513738258896,0.6633771389405274,0.6602058243366253,-0.025603504862601767,20.573537011730544
12833,CW,3,10,15,472.8513738258896,709.2770607388344,0.317485040392283,0.06920834518205332,-0.015652870937671537,263.810350985044
12833,CW,4,15,20,709.2770607388344,945.7027476517792,0.3108285633510625,0.015112523760969054,-0.3074688405802988,120.13507850148312
12833,CW,5,20,25,945.7027476517792,1182.1284345647239,0.6982041419946208,-0.25009154522884103,-0.6505303139144303,165.92855319439192
12833,CW,6,25,30,1182.1284345647239,1418.5541214776688,0.6259455546051784,-0.5546247395670889,-0.28038255313229854,186.24794103340827
12833,CW,7,30,35,1418.5541214776688,1654.9798083906135,0.8123381655623582,-0.8097399689227132,-0.022899333022849078,34.71775624531729
12833,CW,8,35,40,1654.9798083906135,1891.4054953035584,0.7627770817778404,-0.7600082511838195,0.012827149511995373,4.802428715861493
12833,CW,9,40,45,1891.4054953035584,2127.831182216503,0.7608058804985333,-0.7579884395240413,0.014831892543138991,4.900998419141326
12833,CW,10,45,50,2127.831182216503,2364.2568691294478,0.7361041999184018,-0.7331068350417524,0.010935627060689512,5.106497165603478
12833,CW,11,50,55,2364.2568691294478,2600.6825560423927,0.7718290652462518,-0.769216433927653,0.014376573994098862,20.677898076989866
12833,CW,12,55,60,2600.6825560423927,2837.1082429553376,0.6530451959711031,-0.3047636517320882,0.23343492979898883,337.1331189736845
12833,CW,13,60,65,2837.1082429553376,3073.533929868282,1.050803753323603,-0.03162380782637797,1.0490830658811205,34.235595075448096
12833,CW,14,65,70,3073.533929868282,3309.959616781227,1.3866600458290148,0.22061395571339126,1.324461157808713,159.82769365243152
12833,CW,15,70,75,3309.959616781227,3546.385303694172,3.7413428954337773,1.9664488501340234,-0.7077790133909616,552.3451740255796
12833,CW,16,75,80,3546.385303694172,3782.8109906071168,1.7181097595373136,-0.20321436756982436,1.0198080694301837,163.81609977261252
12833,CW,17,80,85,3782.8109906071168,4019.2366775200617,2.1223356144994567,-1.2516471491678374,0.24402025774338654,410.9107931588977
12833,CW,18,85,90,4019.2366775200617,4255.662364433006,2.234909729315241,-0.6537770405141501,-1.5025639648272318,193.6486501247266
12833,CW,19,90,95,4255.662364433006,4492.088051345951,2.0399377236388596,-1.197046448812784,-1.1912193466786363,184.61863738084065
12833,CW,20,95,100,4492.088051345951,4728.5137382588955,2.3219789437785296,-2.185377582723605,-0.22340185353289843,126.90873459686752
12834,CW,1,0,5,0.0,236.4466957732705,0.28221019977505607,-0.2667532411307245,0.07964666047507052,13.426879670121654
12834,CW,2,5,10,236.4466957732705,472.893391546541,0.41673432713623015,-0.40464596730503666,0.08966126022344412,19.976377014137213
12834,CW,3,10,15,472.893391546541,709.3400873198116,0.664263970265218,-0.5186956858273151,0.4070888627934721,264.01940773675193
12834,CW,4,15,20,709.3400873198116,945.786783093082,0.5900869839749714,-0.025560210629727464,0.5873297950336678,120.5230787639531
12834,CW,5,20,25,945.786783093082,1182.2334788663525,0.44524632212028514,0.19883748506258314,0.37977782196080057,166.12043178841287
12834,CW,6,25,30,1182.2334788663525,1418.6801746396231,0.501971234432117,0.42335169438015896,0.13269235359284437,186.33956906798082
12834,CW,7,30,35,1418.6801746396231,1655.1268704128936,0.6373641772541452,0.48153195062369036,-0.05951488066396138,34.63036461721046
12834,CW,8,35,40,1655.1268704128936,1891.573566186164,0.5910121185001748,0.4609109382975305,-0.08085712067608242,5.2977909746464205
12834,CW,9,40,45,1891.573566186164,2128.0202619594347,0.58256022135899,0.43584060434017147,-0.08156746893466149,3.901061081160673
12834,CW,10,45,50,2128.0202619594347,2364.466957732705,0.5776439104469908,0.4239012176820438,-0.07946086283877207,4.573837688638197
12834,CW,11,50,55,2364.466957732705,2600.9136535059756,0.5312719991081469,0.39190754178895304,-0.07953208094025399,19.233543066136974
12834,CW,12,55,60,2600.9136535059756,2837.3603492792463,0.39667829308598307,-0.125092515164539,-0.21209477560731216,338.0133620806494
12834,CW,13,60,65,2837.3603492792463,3073.8070450525165,0.5156040625271057,-0.06163349268483387,-0.1766817943104968,33.834000301188624
12834,CW,14,65,70,3073.8070450525165,3310.253740825787,0.3944784125875027,-0.05958550372581861,0.027856523379028886,161.89194310979408
12834,CW,15,70,75,3310.253740825787,3546.7004365990574,0.6951260975960583,-0.04305364468335959,0.3680621334423506,547.0881704267168
12834,CW,16,75,80,3546.7004365990574,3783.147132372328,2.7283952186126723,-0.4414716092268556,2.692048721889819,165.42839931329834
12834,CW,17,80,85,3783.147132372328,4019.5938281455988,2.7817690919909586,-2.7176054968882255,0.5916623738255424,410.32708305727135
12834,CW,18,85,90,4019.5938281455988,4256.040523918869,3.642884254954703,-1.5561470498345713,-3.292913267453116,195.16568745884513
12834,CW,19,90,95,4256.040523918869,4492.48721969214,4.07331395464266,-2.9606224397531324,-2.7971472721668817,184.03116367837134
12834,CW,20,95,100,4492.48721969214,4728.93391546541,4.333382453013646,-4.311628858545729,-0.4305875374331145,126.66389023281093
12835,CW,1,0,5,0.0,236.48637640209736,0.23659602308016942,0.07609583890357352,-0.021413395410938563,12.393673698167635
12835,CW,2,5,10,236.48637640209736,472.9727528041947,0.26486997512997973,0.012147765359976193,-0.017048343145937395,21.17555188272477
12835,CW,3,10,15,472.9727528041947,709.4591292062922,0.6179969794977399,-0.5201881126390226,0.3185697350080403,262.65221944045425
12835,CW,4,15,20,709.4591292062922,945.9455056083895,0.4162578958887173,-0.05856662295033033,0.19360950403043375,120.65408538229627
12835,CW,5,20,25,945.9455056083895,1182.4318820104868,0.6034297010888988,0.20815105157498692,0.5558572269314652,166.5524036895148
12835,CW,6,25,30,1182.4318820104868,1418.9182584125845,0.5378905552131839,0.461864318439865,0.258731666643925,186.10755097796925
12835,CW,7,30,35,1418.9182584125845,1655.4046348146817,0.5890399844695361,0.4827683546331798,0.03111171326454354,34.474538810433394
12835,CW,8,35,40,1655.4046348146817,1891.891011216779,0.5982184306339338,0.4016597833036428,0.009434027694986469,5.284212575280319
12835,CW,9,40,45,1891.891011216779,2128.377387618876,0.6010540849892249,0.41763223125690274,0.008023588163084128,4.699474163311373
12835,CW,10,45,50,2128.377387618876,2364.8637640209736,0.5818159519029434,0.3953992953551335,0.010292453234640675,4.646988302636163
12835,CW,11,50,55,2364.8637640209736,2601.350140423071,0.5190269254649891,0.37891414890043507,0.008936421044182907,20.592944452674377
12835,CW,12,55,60,2601.350140423071,2837.836516825169,0.9204202202846266,0.2018575441103394,0.15291012284313865,338.3865213673742
12835,CW,13,60,65,2837.836516825169,3074.322893227266,0.3905562602157242,0.015004812180492877,0.13962360921871664,34.56225107773515
12835,CW,14,65,70,3074.322893227266,3310.8092696293634,0.9271379275572296,-0.31242712661116734,-0.8606639405394674,164.93607006810785
12835,CW,15,70,75,3310.8092696293634,3547.2956460314604,3.1802938204670035,-2.8768754825361302,1.2535856711087376,542.8368598046931
12835,CW,16,75,80,3547.2956460314604,3783.782022433558,2.1818650740590924,-0.39579622439075735,2.144848321691086,163.6761147579891
12835,CW,17,80,85,3783.782022433558,4020.2683988356557,1.887208351675321,-1.8361465844770066,0.40591560361320944,410.51314623041094
12835,CW,18,85,90,4020.2683988356557,4256.754775237752,3.010358367071517,-1.2020263142773118,-2.7581179802888585,195.19852566236804
12835,CW,19,90,95,4256.754775237752,4493.24115163985,3.1437354406635736,-2.2275463882206012,-2.2167086514069823,183.94551973231924
12835,CW,20,95,100,4493.24115163985,4729.727528041947,2.9380345296372394,-2.9099332657479966,-0.39604507761730423,125.27682728611114
12836,CW,1,0,5,0.0,236.5411454791478,0.26925720208400294,0.2353881550120469,-0.08873000467597336,13.406612648980243
12836,CW,2,5,10,236.5411454791478,473.0822909582956,0.35623444022855283,0.3291856997645388,-0.09630684346674201,20.572003015152532
12836,CW,3,10,15,473.0822909582956,709.6234364374435,0.7350735064983157,-0.6299025189837151,0.355501048672096,264.6130954698549
12836,CW,4,15,20,709.6234364374435,946.1645819165911,0.4228661961228073,-0.1310299174236036,0.20846509124427826,120.03272393536731
12836,CW,5,20,25,946.1645819165911,1182.705727395739,0.405943174306014,-0.09654287709545883,-0.01582967392954515,166.1916394482593
12836,CW,6,25,30,1182.705727395739,1419.246872874887,0.49403233398904256,-0.002589697098102306,0.11048846089607878,186.17592138026518
12836,CW,7,30,35,1419.246872874887,1655.7880183540346,0.4157500996300741,-0.3799399278393878,0.07612526891992388,34.40051856306993
12836,CW,8,35,40,1655.7880183540346,1892.3291638331823,0.48126244141320673,-0.4576817168707521,0.09185098808674041,4.659605522981671
12836,CW,9,40,45,1892.3291638331823,2128.87030931233,0.5427684749538869,-0.5236620105904422,0.0947557743201699,4.743950958430775
12836,CW,10,45,50,2128.87030931233,2365.411454791478,0.5322742474143948,-0.5136344397809296,0.09216248337074262,4.6670495961781775
12836,CW,11,50,55,2365.411454791478,2601.9526002706257,0.4790120860454174,-0.4584492958788928,0.09175987958280984,20.50769635208843
12836,CW,12,55,60,2601.9526002706257,2838.493745749774,1.6093381128430841,0.74996633500092,-0.597405067690687,337.79593722443457
12836,CW,13,60,65,2838.493745749774,3075.0348912289214,0.39087910146685967,0.07648110379591344,0.3325796949162907,33.66244759622545
12836,CW,14,65,70,3075.0348912289214,3311.5760367080693,1.0433939519900006,0.027413557210879347,0.08556261159802148,162.34421413463164
12836,CW,15,70,75,3311.5760367080693,3548.1171821872167,3.352659092114634,-0.26175624630457683,0.3177411044071903,545.2029301089669
12836,CW,16,75,80,3548.1171821872167,3784.6583276663646,1.8126647211835478,-0.23746968679509095,0.8334716015750416,164.0489075591181
12836,CW,17,80,85,3784.6583276663646,4021.199473145513,1.5630816060359325,-0.7094543495376939,0.01431472152202673,410.6271345174134
12836,CW,18,85,90,4021.199473145513,4257.74061862466,1.6256102163382584,-0.15148246612527316,-0.639866222334291,194.47767661676605
12836,CW,19,90,95,4257.74061862466,4494.281764103808,1.8658077088951743,-0.5092024417128398,-0.6188573371932051,185.10014954713145
12836,CW,20,95,100,4494.281764103808,4730.822909582956,2.0774933658168777,-1.0504022186435407,-0.18491832039435682,125.5322529303584
12837,CW,1,0,5,0.0,236.3438531860733,0.3123207732245702,0.19033299540747528,0.16261100000509998,12.634710478090858
12837,CW,2,5,10,236.3438531860733,472.6877063721466,0.328687753071248,0.10191566772897609,0.16418568334115946,19.342479095225308
12837,CW,3,10,15,472.6877063721466,709.03155955822,0.5824949911042896,0.48232862290368317,-0.1290962747578135,263.9997659084178
12837,CW,4,15,20,709.03155955822,945.3754127442932,0.3685535326615433,0.16220001532295925,-0.07976927017224966,121.03064560120562
12837,CW,5,20,25,945.3754127442932,1181.7192659303664,0.46040765128466665,0.07408786374864462,-0.2650769348512938,166.15611193875202
12837,CW,6,25,30,1181.7192659303664,1418.06311911644,0.526298312834426,-0.27836691055048846,-0.3364996223628083,187.1355966240247
12837,CW,7,30,35,1418.06311911644,1654.4069723025132,0.3064203299919914,0.11437311003592754,-0.1668100213990229,34.84763969606582
12837,CW,8,35,40,1654.4069723025132,1890.7508254885863,0.2574724860772789,0.04646500626466832,-0.16977343875687723,5.129571430731323
12837,CW,9,40,45,1890.7508254885863,2127.0946786746595,0.2503432751430836,0.08008413331572228,-0.17089629243692883,4.268708544991434
12837,CW,10,45,50,2127.0946786746595,2363.438531860733,0.26788979870652674,0.14652387865643846,-0.17198134680211297,4.314119760725416
12837,CW,11,50,55,2363.438531860733,2599.782385046806,0.21691625261487402,0.0337978491953379,-0.16810116420793975,18.734688866352666
12837,CW,12,55,60,2599.782385046806,2836.12623823288,1.839637211907828,-1.5285166138042996,0.9859971144581152,338.8313414303392
12837,CW,13,60,65,2836.12623823288,3072.470091418953,0.5997800601993455,-0.1771442911591805,0.34553294878165275,34.31229125463028
12837,CW,14,65,70,3072.470091418953,3308.8139446050263,1.6287752467314847,0.3177238325150604,1.5963135040495047,157.77082509820093
12837,CW,15,70,75,3308.8139446050263,3545.1577977910993,4.58441343365629,4.48178859352749,-0.8978742667876247,554.9119879406401
12837,CW,16,75,80,3545.1577977910993,3781.5016509771726,1.7587552274443876,-0.11550418446909916,1.7540406453947526,166.605420365787
12837,CW,17,80,85,3781.5016509771726,4017.8455041632465,1.4219376818338985,-1.3255606416340413,0.5141732399519867,410.74013956444657
12837,CW,18,85,90,4017.8455041632465,4254.189357349319,2.756449012767646,-1.2680762847412055,-2.446942916240232,194.58217219810464
12837,CW,19,90,95,4254.189357349319,4490.533210535393,3.7509282330545606,-2.806725511816995,-2.487101830076007,184.45107232796224
12837,CW,20,95,100,4490.533210535393,4726.877063721466,3.6455983117802275,-3.6346739022864654,-0.2757254293497866,125.95623270587636
12838,CW,1,0,5,0.0,236.40303712812502,0.3938705320224739,0.3837006851155804,-0.07969958956945788,12.620459985996426
12838,CW,2,5,10,236.40303712812502,472.80607425625004,0.5855578562067332,0.5768023704668161,-0.09236175554636361,19.584122205373784
12838,CW,3,10,15,472.80607425625004,709.2091113843752,0.23498767692751843,0.053615854740758806,-0.11504886534748948,261.88460610157097
12838,CW,4,15,20,709.2091113843752,945.6121485125001,0.3923144133124837,0.00998282807817219,-0.3862288472486739,121.72897640381252
12838,CW,5,20,25,945.6121485125001,1182.015185640625,0.3059628127525724,-0.12643830317892935,-0.1811557195609339,165.50862967877882
12838,CW,6,25,30,1182.015185640625,1418.4182227687504,0.23211938689794587,-0.12033020042247244,0.017330583935333266,185.48298815313504
12838,CW,7,30,35,1418.4182227687504,1654.8212598968753,0.5925146516352948,-0.5856923389597171,0.057104151072067566,34.102638086582395
12838,CW,8,35,40,1654.8212598968753,1891.2242970250002,0.7051257914922228,-0.6967693640999073,0.08116760973815396,5.452792175296652
12838,CW,9,40,45,1891.2242970250002,2127.627334153125,0.7417353526472847,-0.7335079427809319,0.08464420895011493,5.937663982645448
12838,CW,10,45,50,2127.627334153125,2364.03037128125,0.7408427928758292,-0.7330479908336542,0.0801718022840987,4.16133509359445
12838,CW,11,50,55,2364.03037128125,2600.4334084093753,0.8148638483299914,-0.8077170045757498,0.0839363475438688,18.98713921469438
12838,CW,12,55,60,2600.4334084093753,2836.836445537501,1.044529889433369,-0.187531713736945,0.93112414999203,337.5598495585781
12838,CW,13,60,65,2836.836445537501,3073.2394826656255,1.2795631226333724,0.021328854061621882,1.2782615353745541,35.079766659775025
12838,CW,14,65,70,3073.2394826656255,3309.6425197937506,0.9735189182897592,-0.1827058690831027,-0.03949760851276096,162.9205521988297
12838,CW,15,70,75,3309.6425197937506,3546.0455569218752,2.702516252085804,-2.4546912537457874,1.0891223987731564,545.9630359937415
12838,CW,16,75,80,3546.0455569218752,3782.4485940500003,1.3794487283337689,0.17667186580569094,-1.047564819779609,158.84047584547332
12838,CW,17,80,85,3782.4485940500003,4018.851631178126,2.003709772999994,1.9571865356359694,-0.4269057438758068,412.1465634777502
12838,CW,18,85,90,4018.851631178126,4255.25466830625,2.1403340013788847,0.9834857738000977,1.8998411017157224,194.04141832991348
12838,CW,19,90,95,4255.25466830625,4491.657705434375,1.8529633044037548,1.349975160605294,1.2683762282793722,182.83074521265726
12838,CW,20,95,100,4491.657705434375,4728.0607425625,1.6283388481290901,1.5993534596990902,0.1581120897867414,126.7146414483817
12839,CW,1,0,5,0.0,236.40952512393798,0.39978410792023833,0.3946947090706079,-0.04920438570984231,12.793761341305009
12839,CW,2,5,10,236.40952512393798,472.81905024787596,0.605870417980764,0.6012719629873917,-0.06483763160967726,18.740125968553503
12839,CW,3,10,15,472.81905024787596,709.228575371814,1.339614771077764,1.1189711304467913,-0.7361561335605415,264.0362258660551
12839,CW,4,15,20,709.228575371814,945.6381004957519,1.661140190435774,0.1896459822112675,-1.649715960889381,121.25671837032179
12839,CW,5,20,25,945.6381004957519,1182.0476256196898,1.5271989359808902,-0.5640561020875197,-1.4185503275861322,165.4243241349769
12839,CW,6,25,30,1182.0476256196898,1418.457150743628,1.5202153803506744,-1.3748950250451912,-0.6471442698407941,185.46297869480006
12839,CW,7,30,35,1418.457150743628,1654.8666758675658,1.888647159726411,-1.8882807328288607,-0.002079447805442669,34.502093525901074
12839,CW,8,35,40,1654.8666758675658,1891.2762009915039,1.8925173034938778,-1.8904690209887463,0.079332701956357,4.713874704630889
12839,CW,9,40,45,1891.2762009915039,2127.685726115442,1.8707604843612617,-1.8684178850328692,0.08532350917514364,6.300555778939134
12839,CW,10,45,50,2127.685726115442,2364.0952512393796,1.959788698540762,-1.957943234559167,0.07581255576917556,4.816470361660367
12839,CW,11,50,55,2364.0952512393796,2600.504776363318,2.0062367270879653,-2.004087276253159,0.08446267325430767,19.608377100405587
12839,CW,12,55,60,2600.504776363318,2836.914301487256,1.6823004550924572,-0.9818599735695273,1.3441163546825408,337.4265485040973
12839,CW,13,60,65,2836.914301487256,3073.3238266111935,2.2683212830682686,-0.0346279809480734,2.26780244125095,35.10885565836948
12839,CW,14,65,70,3073.3238266111935,3309.7333517351317,1.873648454684538,0.21411059058077875,1.8609188933461667,160.83242402148235
12839,CW,15,70,75,3309.7333517351317,3546.1428768590695,0.9116507503952421,0.6197624596960711,-0.5078015080325713,549.9186414708633
12839,CW,16,75,80,3546.1428768590695,3782.5524019830077,1.2743396715625834,0.1263031763087099,-1.2670587514142824,160.13707478980245
12839,CW,17,80,85,3782.5524019830077,4018.961927106946,0.17015789534014625,0.10789461834340841,-0.0655695170913333,411.76975788671615
12839,CW,18,85,90,4018.961927106946,4255.371452230884,0.5214866731597565,0.23140242097854014,0.4567892093311201,194.38751581773246
12839,CW,19,90,95,4255.371452230884,4491.7809773548215,0.7425189188194301,0.52668476750629,0.4908290402011275,183.51324315598126
12839,CW,20,95,100,4491.7809773548215,4728.190502478759,0.6958091806150603,0.6918937251404578,0.05756901764673583,126.88786609792645
12840,CW,1,0,5,0.0,236.39717601916266,0.10313123574158009,0.10142887538059897,-0.004325915762549926,12.937104179840539
12840,CW,2,5,10,236.39717601916266,472.7943520383253,0.21495011156482371,0.21311852196753156,-0.009786392765306573,19.444987885122718
12840,CW,3,10,15,472.7943520383253,709.191528057488,0.389087995484792,-0.2937872728368536,0.2548883006985392,265.26696062353665
12840,CW,4,15,20,709.191528057488,945.5887040766506,0.7844575148371427,-0.08072588453654106,0.7800040383099258,121.5696133088087
12840,CW,5,20,25,945.5887040766506,1181.9858800958132,0.657367907074701,0.21730662481932939,0.6200976880503788,165.51024979506462
12840,CW,6,25,30,1181.9858800958132,1418.383056114976,0.6197011521276244,0.5613181638083518,0.26181793112370144,185.78614839461616
12840,CW,7,30,35,1418.383056114976,1654.7802321341385,0.7074322774049677,0.7071345225749894,0.012210331442197742,34.81480815293948
12840,CW,8,35,40,1654.7802321341385,1891.1774081533013,0.7725278589569385,0.7721394413997302,-0.01786860553165326,4.778482452391388
12840,CW,9,40,45,1891.1774081533013,2127.574584172464,0.7903787437680017,0.7899096410904178,-0.021034926722080627,6.251545851029604
12840,CW,10,45,50,2127.574584172464,2363.9717601916263,0.868604723660187,0.8682468977695237,-0.01824579465342424,4.5963288372707005
12840,CW,11,50,55,2363.9717601916263,2600.3689362107893,0.8354049423487238,0.8349885723772843,-0.020099017925076623,19.114420588143414
12840,CW,12,55,60,2600.3689362107893,2836.766112229952,0.4654124568144119,0.10306854825992673,0.06456187281000325,337.1499470006938
12840,CW,13,60,65,2836.766112229952,3073.1632882491144,0.3875526306470324,0.005670415018727226,-0.37786985807662177,35.07126596930912
12840,CW,14,65,70,3073.1632882491144,3309.560464268277,0.5841624707103158,-0.07480700371640125,-0.5779806346028238,160.36368488407928
12840,CW,15,70,75,3309.560464268277,3545.9576402874395,0.6493475353479847,-0.40164134303683596,-0.13265326999601257,552.1376830988524
12840,CW,16,75,80,3545.9576402874395,3782.3548163066025,0.9337812425428039,-0.06703373407417956,0.1681556660768706,161.5534450302144
12840,CW,17,80,85,3782.3548163066025,4018.751992325765,1.1644043191568965,-0.7157606678417636,0.09763253534599414,412.0358978895825
12840,CW,18,85,90,4018.751992325765,4255.149168344928,0.9544149910685202,-0.11188340619325743,-0.13384238784414038,194.19732763496248
12840,CW,19,90,95,4255.149168344928,4491.54634436409,0.7028261735135731,0.32411341136174077,0.2998686507005033,184.11089181926906
12840,CW,20,95,100,4491.54634436409,4727.943520383253,0.774414787611187,0.5520394131217277,0.07160544819362352,125.61756540498574
12841,CW,1,0,5,0.0,236.39906841971853,0.4201855488857267,0.4196813286977943,0.006726711711770861,12.779204982185451
12841,CW,2,5,10,236.39906841971853,472.79813683943706,0.6764237697460074,0.6760913435939997,-0.010428474884086825,19.387048673635995
12841,CW,3,10,15,472.79813683943706,709.1972052591557,0.3111180340891047,0.2026600287537761,-0.07249538746400219,266.3506610839262
12841,CW,4,15,20,709.1972052591557,945.5962736788741,0.4947825050181952,0.017714840282806676,0.07884576432726931,120.65673865521426
12841,CW,5,20,25,945.5962736788741,1181.9953420985926,0.34689612158320143,-0.02633461273296689,-0.0945924982029851,165.91472018702663
12841,CW,6,25,30,1181.9953420985926,1418.3944105183114,0.35673697087678724,-0.08489152548378343,-0.06483322110460676,186.05577584546873
12841,CW,7,30,35,1418.3944105183114,1654.7934789380297,0.3484557502695762,-0.22749436671975332,-0.026021321742170755,34.442293994708656
12841,CW,8,35,40,1654.7934789380297,1891.1925473577483,0.35892137034645966,-0.17255145835719077,-0.016311368422190498,4.861112905356035
12841,CW,9,40,45,1891.1925473577483,2127.591615777467,0.34473005318030703,-0.14126103069085616,-0.016805290768200365,6.89945796371704
12841,CW,10,45,50,2127.591615777467,2363.990684197185,0.3577954028828063,-0.1360342984488625,-0.017725372864575206,5.109865552852074
12841,CW,11,50,55,2363.990684197185,2600.389752616904,0.3492041221494259,-0.05805123217933783,-0.018905964793447083,20.217500995827223
12841,CW,12,55,60,2600.389752616904,2836.7888210366227,0.3856334683696387,-0.1898168146801993,0.14455899131075967,337.0605922379909
12841,CW,13,60,65,2836.7888210366227,3073.1878894563406,0.229707457364481,-0.028697927959697722,0.1832398298405451,34.47481568270674
12841,CW,14,65,70,3073.1878894563406,3309.5869578760594,0.44499191764965373,0.05308222715035704,0.26648381414250366,161.3205944251932
12841,CW,15,70,75,3309.5869578760594,3545.9860262957777,1.035339824297956,0.3894086549528577,-0.21977417240140085,551.5261487698921
12841,CW,16,75,80,3545.9860262957777,3782.3850947154965,1.617227791356065,-0.2952968375413718,1.5897037350280527,163.28981542355658
12841,CW,17,80,85,3782.3850947154965,4018.7841631352153,2.124876027528664,-2.0872088020052644,0.3976737528512615,412.1207061649523
12841,CW,18,85,90,4018.7841631352153,4255.183231554934,2.2895281035386215,-0.957389925037468,-2.0795842591270883,193.0243906223731
12841,CW,19,90,95,4255.183231554934,4491.582299974652,2.2393515688641195,-1.6103172242115251,-1.5558993030165311,184.38096106945073
12841,CW,20,95,100,4491.582299974652,4727.98136839437,2.2187388343817864,-2.2020309744071227,-0.27015424822057615,125.85697330529538
12842,CW,1,0,5,0.0,236.39735919121878,0.4157352078521028,0.4143929999904692,-0.027396310343014818,12.653496986915657
12842,CW,2,5,10,236.39735919121878,472.79471838243757,0.5347290700378727,0.5330040305052732,-0.03867997457140149,19.53633924506157
12842,CW,3,10,15,472.79471838243757,709.1920775736564,0.43360538650333647,-0.2254594288655971,0.19468919581861144,265.92129414191334
12842,CW,4,15,20,709.1920775736564,945.5894367648751,0.5876754236721887,-0.08527380263517159,0.5542974523156943,121.10486778886916
12842,CW,5,20,25,945.5894367648751,1181.9867959560938,0.5281937807335225,0.16559143378965757,0.46162211982760937,165.87783535011127
12842,CW,6,25,30,1181.9867959560938,1418.3841551473129,0.49614932496711417,0.4168308467407371,0.2325246450069045,186.35826429873308
12842,CW,7,30,35,1418.3841551473129,1654.7815143385315,0.5767398391227682,0.24378868534356002,0.016853112303806483,34.83423541422052
12842,CW,8,35,40,1654.7815143385315,1891.1788735297503,0.5963041056255542,0.2999203500536112,0.00697761342534875,4.957970180662001
12842,CW,9,40,45,1891.1788735297503,2127.576232720969,0.5759250096186775,0.29548131016653656,0.006203502825783858,6.5948311972902145
12842,CW,10,45,50,2127.576232720969,2363.9735919121877,0.5742899406733641,0.2315868619812136,0.009430491563520604,4.672934708685394
12842,CW,11,50,55,2363.9735919121877,2600.3709511034067,0.5722632394062669,0.3011162663522384,0.00644506454429461,20.1283160751166
12842,CW,12,55,60,2600.3709511034067,2836.7683102946257,0.6823608537209036,0.3260660933719919,-0.3202345960657169,337.7474629882781
12842,CW,13,60,65,2836.7683102946257,3073.165669485844,0.9031132201224408,0.013968172968048975,0.04555471535101674,34.44758539677519
12842,CW,14,65,70,3073.165669485844,3309.563028677063,1.0377724984234427,-0.00577408875776797,-0.04345968577266035,160.47653508044772
12842,CW,15,70,75,3309.563028677063,3545.9603878682815,1.2248980334034498,-0.33156433692975895,-0.06247829008060535,552.753336931108
12842,CW,16,75,80,3545.9603878682815,3782.3577470595005,1.2472249373188227,-0.26075202604263126,1.2177581668956066,161.4981394083348
12842,CW,17,80,85,3782.3577470595005,4018.7551062507196,1.2465928350845004,-1.2122757552332644,0.2612830606763481,412.7519322334284
12842,CW,18,85,90,4018.7551062507196,4255.152465441938,1.5229352231613362,-0.604022724568182,-1.3971178788388983,194.21722454216254
12842,CW,19,90,95,4255.152465441938,4491.549824633157,1.7101302488177863,-1.1983428504371476,-1.2198933789352253,184.19359257605637
12842,CW,20,95,100,4491.549824633157,4727.947183824375,1.5868247951498162,-1.5690090585512517,-0.2362305729515224,125.81287804932171
12844,CCW,1,0,5,0.0,237.38876162669186,0.15033213212524976,-0.011170978614456928,-0.03817490930805434,108.49948768073467
12844,CCW,2,5,10,237.38876162669186,474.7775232533837,0.14353271965695394,-0.01353695567383717,-0.062349499788368234,197.73969176664295
12844,CCW,3,10,15,474.7775232533837,712.1662848800756,0.4220430413567987,-0.18456733122278735,-0.3750464169556693,227.667956703841
12844,CCW,4,15,20,712.1662848800756,949.5550465067674,0.5574637222661467,-0.5413471912290504,0.07974199076437571,434.8624911409292
12844,CCW,5,20,25,949.5550465067674,1186.9438081334592,1.2536262663086233,-0.16046685948570882,1.2426698512311418,132.14172791990615
12844,CCW,6,25,30,1186.9438081334592,1424.3325697601513,2.814321527818054,-2.6083688060344663,1.0233084412775213,571.890014749475
12844,CCW,7,30,35,1424.3325697601513,1661.721331386843,3.657560572398486,-0.3963752599645822,-3.633759822322247,112.79159831500762
12844,CCW,8,35,40,1661.721331386843,1899.1100930135349,3.710545889090785,0.005874053308190241,-3.7102677988715698,17.801679033031803
12844,CCW,9,40,45,1899.1100930135349,2136.498854640227,4.053360983443918,3.0547308941787605,-2.6623094284495608,339.6741488865303
12844,CCW,10,45,50,2136.498854640227,2373.8876162669185,3.965626071173475,3.9634080363063617,-0.1235153202069057,29.795861152841344
12844,CCW,11,50,55,2373.8876162669185,2611.2763778936105,3.757946605389097,3.757571593530429,0.027832020678488334,6.758812454470354
12844,CCW,12,55,60,2611.2763778936105,2848.6651395203025,3.770816604519161,3.7705137391362484,0.01549957651987377,4.621503672900536
12844,CCW,13,60,65,2848.6651395203025,3086.053901146994,3.7855474764306596,3.785222083906376,0.020126492101651294,4.907255286476818
12844,CCW,14,65,70,3086.053901146994,3323.442662773686,3.8091419561857,3.8069014738497344,0.12204544192478295,37.89050928595007
12844,CCW,15,70,75,3323.442662773686,3560.8314244003777,3.749279681823176,3.2842544808379444,1.807948268371078,180.1182206424556
12844,CCW,16,75,80,3560.8314244003777,3798.2201860270698,3.7645401798909246,1.2101330389801888,3.5643729825657147,161.03033762406992
12844,CCW,17,80,85,3798.2201860270698,4035.608947653762,3.855725036383004,-0.5029987091253254,3.82255647427354,136.6679350207484
12844,CCW,18,85,90,4035.608947653762,4272.997709280454,3.7100992194207745,-3.2044232495386735,1.8681753308459008,237.9766478967936
12844,CCW,19,90,95,4272.997709280454,4510.386470907146,2.567001665473123,-2.564351882606058,0.10592623887657737,21.486658719777278
12844,CCW,20,95,100,4510.386470907146,4747.775232533837,2.453061099095114,-2.4525585032994077,0.014277896107763643,10.069362010688396
12845,CCW,1,0,5,0.0,237.34864812762441,0.18811899769592746,-0.1236142938092506,-0.06473502228242722,108.23472528959692
12845,CCW,2,5,10,237.34864812762441,474.69729625524883,0.2882058957346269,-0.07113066291322312,-0.13385666917776717,197.73153684963833
12845,CCW,3,10,15,474.69729625524883,712.0459443828732,0.42009040592652747,0.19796473341799015,0.11377397189595229,225.56638017459062
12845,CCW,4,15,20,712.0459443828732,949.3945925104977,0.9011215033608533,0.8211942180256813,-0.3588263338479152,435.5690075814751
12845,CCW,5,20,25,949.3945925104977,1186.743240638122,0.6419543230541782,-0.028614812678533497,0.04378196349679797,132.40403152446336
12845,CCW,6,25,30,1186.743240638122,1424.0918887657465,1.2643760768585164,-1.060443596213954,0.13292468905399346,568.6900997233851
12845,CCW,7,30,35,1424.0918887657465,1661.4405368933708,1.3665369284011057,0.09717880669940726,-0.19858000312711965,114.6313911592458
12845,CCW,8,35,40,1661.4405368933708,1898.7891850209953,1.4806054670806847,0.03503315505756177,-0.7576446289451724,17.469559350798043
12845,CCW,9,40,45,1898.7891850209953,2136.1378331486194,0.8512039168401814,-0.227764556790504,-0.10190541791180863,341.33089860342983
12845,CCW,10,45,50,2136.1378331486194,2373.486481276244,1.335095693225787,-1.041120531128655,0.07000422432031428,29.839545507647678
12845,CCW,11,50,55,2373.486481276244,2610.8351294038685,1.355285981296469,-1.068407338193964,0.033797137122320464,5.487149927213832
12845,CCW,12,55,60,2610.8351294038685,2848.183777531493,1.3449038577609504,-1.0737685963884473,0.036894882863421685,5.252630069823672
12845,CCW,13,60,65,2848.183777531493,3085.532425659117,1.3557029320839051,-1.1039510751004684,0.03525763256102721,4.6417053433075965
12845,CCW,14,65,70,3085.532425659117,3322.8810737867416,1.3229211624468746,-1.1632441176145107,-0.0012745224675114741,37.82367212488331
12845,CCW,15,70,75,3322.8810737867416,3560.2297219143657,1.463861342045539,-1.294442906291323,-0.6824867852765379,180.34596394794232
12845,CCW,16,75,80,3560.2297219143657,3797.5783700419906,1.5422392836078918,-0.5161395450140134,-1.4528760641653093,161.38838438936835
12845,CCW,17,80,85,3797.5783700419906,4034.927018169615,1.6991774441846224,0.18228885996986222,-1.6893376663582842,136.41221597260778
12845,CCW,18,85,90,4034.927018169615,4272.275666297239,1.6037090348215026,1.3733021184667256,-0.8275814414870695,238.38774607022833
12845,CCW,19,90,95,4272.275666297239,4509.624314424864,1.4990889366355735,1.49471323715676,-0.10758907589262634,21.33340618033897
12845,CCW,20,95,100,4509.624314424864,4746.972962552488,1.5420494313366633,1.5405897560586088,-0.05673209581229233,9.640305606381393
12846,CCW,1,0,5,0.0,237.31522612056565,0.08378403151610367,0.03545997945667345,0.018198138108893147,108.22370886455857
12846,CCW,2,5,10,237.31522612056565,474.6304522411313,0.18355614126446515,0.0726681249682759,0.11591566182288915,197.9707099491444
12846,CCW,3,10,15,474.6304522411313,711.9456783616971,0.5006771035919229,0.0669539596034383,0.07225044282547799,224.90267460966163
12846,CCW,4,15,20,711.9456783616971,949.2609044822626,1.065810742033666,0.8148718653976061,-0.06929407528052423,437.00165309078585
12846,CCW,5,20,25,949.2609044822626,1186.5761306028282,0.7603364617143942,0.056684093648236455,-0.35087700915562436,131.4846173359436
12846,CCW,6,25,30,1186.5761306028282,1423.8913567233942,1.2607209100618835,0.1738072657326093,0.3542686990185189,572.8518572214865
12846,CCW,7,30,35,1423.8913567233942,1661.2065828439597,1.3478548820817284,0.01736788007422163,-0.48480659104367874,111.78738978870537
12846,CCW,8,35,40,1661.2065828439597,1898.5218089645252,1.3814568543999495,-0.006004214484690351,-0.5834417260772966,17.977941723094805
12846,CCW,9,40,45,1898.5218089645252,2135.837035085091,0.9521020082335911,0.014787848478221122,0.0969822941864038,341.5205843837191
12846,CCW,10,45,50,2135.837035085091,2373.1522612056565,1.077421157619733,-0.4592585873660937,0.007077939295612623,30.27525409866048
12846,CCW,11,50,55,2373.1522612056565,2610.4674873262225,1.2206421943877692,-0.6810754344399754,-0.006776659701841936,6.449601457482256
12846,CCW,12,55,60,2610.4674873262225,2847.7827134467884,1.2253214332587026,-0.6999298712332518,-0.004724508751017709,4.430772664293057
12846,CCW,13,60,65,2847.7827134467884,3085.0979395673535,1.3017331006044803,-0.7962213062371006,-0.006066828309016614,4.869951138912647
12846,CCW,14,65,70,3085.0979395673535,3322.4131656879194,1.3105184687604816,-0.8241005494597857,-0.027760950653437533,38.04263190070044
12846,CCW,15,70,75,3322.4131656879194,3559.728391808485,1.2791276169572572,-0.7800780616690872,-0.40345540392571877,180.0123130159188
12846,CCW,16,75,80,3559.728391808485,3797.0436179290505,1.2242272250733819,-0.2362756808162203,-0.7566671251003356,162.02964962201165
12846,CCW,17,80,85,3797.0436179290505,4034.3588440496164,1.4109760662861976,0.1185866926593917,-1.0865651057589787,135.86126226417116
12846,CCW,18,85,90,4034.3588440496164,4271.674070170182,1.4194051577546187,0.8980789860741623,-0.45747157519998893,239.03291477625456
12846,CCW,19,90,95,4271.674070170182,4508.989296290748,1.5810069873025803,1.3001007131581117,-0.055906072178665056,21.176532968460286
12846,CCW,20,95,100,4508.989296290748,4746.304522411313,1.5437408493484872,1.2418745307429715,-0.010456427691498238,9.88528549713899
12847,CCW,1,0,5,0.0,237.3472806080408,0.13867758970182933,0.11159767605362525,0.04989470148568387,108.4869439255184
12847,CCW,2,5,10,237.3472806080408,474.6945612160816,0.34766187500505996,0.21784345272304684,0.27045050438779583,199.03043310061847
12847,CCW,3,10,15,474.6945612160816,712.0418418241225,1.263368712574599,0.5810216610738692,1.1206039015857243,225.78714921935816
12847,CCW,4,15,20,712.0418418241225,949.3891224321632,1.7241703981941483,1.6657697277128136,-0.4239889812770343,434.72319596939235
12847,CCW,5,20,25,949.3891224321632,1186.7364030402039,2.0304522897009547,0.3637664072134328,-1.9971780357930697,132.4830009953851
12847,CCW,6,25,30,1186.7364030402039,1424.083683648245,1.1266972739644048,0.5587761620731655,-0.23623441091297082,570.9836210148201
12847,CCW,7,30,35,1424.083683648245,1661.4309642562855,1.505406986246821,0.1549105373709878,1.1857002103090508,113.9014586198282
12847,CCW,8,35,40,1661.4309642562855,1898.7782448643263,1.7872538724164442,-0.007668713988920217,0.9484730371075045,17.860426423181806
12847,CCW,9,40,45,1898.7782448643263,2136.125525472367,1.2580631214870523,-0.2650636419490695,0.023760557418938788,341.1175239452762
12847,CCW,10,45,50,2136.125525472367,2373.4728060804077,1.2586613261067443,-0.5880711104525176,0.010658138892182478,29.317359366285906
12847,CCW,11,50,55,2373.4728060804077,2610.8200866884486,1.290259049143085,-0.5269780421924679,-0.01486541374350736,5.538613890188129
12847,CCW,12,55,60,2610.8200866884486,2848.16736729649,1.2733865557809922,-0.5141652186750889,-0.013457169298385807,4.910157932837945
12847,CCW,13,60,65,2848.16736729649,3085.51464790453,1.294131552210427,-0.4873760593880547,-0.013904045129732978,4.640064689775467
12847,CCW,14,65,70,3085.51464790453,3322.861928512571,1.2320445309314947,-0.33691861334662576,-0.01774990063785964,37.37266935691796
12847,CCW,15,70,75,3322.861928512571,3560.2092091206114,1.2797453029121924,0.02197548699490426,-0.004722196309487003,181.20774642141814
12847,CCW,16,75,80,3560.2092091206114,3797.5564897286527,1.279357785861706,0.02204045007410116,0.02568966221105029,161.07594233256327
12847,CCW,17,80,85,3797.5564897286527,4034.9037703366935,1.261707377652624,-0.017835354992300267,0.06264105014065535,136.08458112680978
12847,CCW,18,85,90,4034.9037703366935,4272.251050944734,1.4645193520449071,-0.31361699624218753,0.14850759227184085,238.82569970518296
12847,CCW,19,90,95,4272.251050944734,4509.598331552775,1.5007713155843678,-0.35891996000690796,0.027290835180153294,21.4159245950288
12847,CCW,20,95,100,4509.598331552775,4746.9456121608155,1.552067032183996,-0.46136268666625213,0.01636569656460174,10.679171136727858
12848,CCW,1,0,5,0.0,237.3823639864966,0.2105484024891064,0.1946989523563225,0.07696544552599249,110.36203411306879
12848,CCW,2,5,10,237.3823639864966,474.7647279729932,0.5082669163663042,0.3342868163571886,0.3826996298570222,198.02192574212856
12848,CCW,3,10,15,474.7647279729932,712.1470919594899,0.6595131800859995,-0.37154628088796926,-0.5426479210075144,229.5349734886215
12848,CCW,4,15,20,712.1470919594899,949.5294559459865,0.9189195442495824,-0.9029501368289914,0.1628451550599408,433.8559103495376
12848,CCW,5,20,25,949.5294559459865,1186.911819932483,1.2814856810374697,-0.18034484291273145,1.2683447476583751,131.16145189510536
12848,CCW,6,25,30,1186.911819932483,1424.2941839189798,1.2324083611062318,-1.0203536684400305,0.31836990329026094,567.7269533554027
12848,CCW,7,30,35,1424.2941839189798,1661.6765479054764,1.8695361720586496,-0.31112972249545834,-1.7522835200301188,115.30619867219372
12848,CCW,8,35,40,1661.6765479054764,1899.058911891973,1.8977841720547466,-0.03374655898748813,-1.6191167871269556,17.422954412819042
12848,CCW,9,40,45,1899.058911891973,2136.4412758784697,1.3702200170531116,-0.0015383916616542592,-0.30526487587906104,342.17731030518075
12848,CCW,10,45,50,2136.4412758784697,2373.823639864966,1.48228943551351,-0.2684554869300655,-0.011426972066857388,29.539066937377548
12848,CCW,11,50,55,2373.823639864966,2611.206003851463,1.4175982529851132,-0.16205676317770212,-0.021713669503469646,5.266522433159511
12848,CCW,12,55,60,2611.206003851463,2848.5883678379596,1.4235653648435849,-0.12006577400080687,-0.02119691767303067,5.195325255391823
12848,CCW,13,60,65,2848.5883678379596,3085.970731824456,1.4178768798369394,-0.1425194571662871,-0.021396107962623034,5.503143816150803
12848,CCW,14,65,70,3085.970731824456,3323.3530958109527,1.3653428334982602,-0.2614970598448281,-0.035998352016775925,37.97583979482328
12848,CCW,15,70,75,3323.3530958109527,3560.735459797449,1.1687003079083196,-0.5088556988673076,-0.3101223461451923,181.40999969172535
12848,CCW,16,75,80,3560.735459797449,3798.117823783946,1.2681866492309035,-0.21319497886553052,-0.7138754490050303,161.29645274967754
12848,CCW,17,80,85,3798.117823783946,4035.5001877704426,1.1819972058233985,0.10697079737293791,-0.644746588163855,136.6987447119296
12848,CCW,18,85,90,4035.5001877704426,4272.882551756939,1.2951730916809052,0.45723702707394853,-0.26515851804614954,237.6793622742445
12848,CCW,19,90,95,4272.882551756939,4510.264915743436,1.4375613745721356,-0.05472818310735161,0.022768302662207418,21.06386787974062
12848,CCW,20,95,100,4510.264915743436,4747.647279729932,1.441530954056848,-0.17248805511996135,0.022677492792206877,9.36951045446026
