lap,side,samples,invalid_inverse_samples,angle_median_deg,encoder_mean_mps,encoder_div_cos_mean_valid_mps,gyro_times_radius_mean_mps,forward_residual_rms_mps
1,outer_left,61,0,4.603489594348786,0.798777336649752,0.8013988723366784,0.789195278766327,0.03502070828840634
1,inner_right,61,0,14.29025689279596,0.2497768537666717,0.2590831604603496,0.27590746457177695,0.034363254641720964
2,outer_left,61,0,4.619610299906649,0.7970820186377612,0.7997019195127639,0.786747642912473,0.037429927557667025
2,inner_right,61,0,14.44379982497598,0.2503419597706687,0.2605693086594452,0.2752040118734758,0.032581976684726496
3,outer_left,59,0,4.551493818798686,0.8010233935639435,0.8037534602492622,0.7869362369135618,0.03799747382074209
3,inner_right,59,0,13.809260482561834,0.23691829765877398,0.24693586899483544,0.26516020581898786,0.03369454213560823
4,outer_left,60,0,4.685973579032413,0.7919819369516882,0.7946111344743609,0.7884172359916788,0.031219861870396867
4,inner_right,60,0,15.10495001847598,0.2545143257668465,0.2659462998821577,0.27132835107917924,0.02932321620422807
5,outer_left,59,0,4.772504034003128,0.7948886410968234,0.7975777572413362,0.7877063206797421,0.036331035270999054
5,inner_right,59,0,16.014048785071406,0.2445137054752082,0.25526111973785576,0.26583699772835234,0.033670556067294
6,outer_left,60,0,4.6129339212553875,0.7902583636394973,0.7929062727041178,0.784163221681577,0.03164216990275666
6,inner_right,60,0,14.394280400675704,0.24876908139287707,0.2601507134101474,0.2693000395969317,0.02941621289591758
