log,group,rows,expected_rows,emcStop,battery_V,git,target_mps,speed_median_mps,speed_time_mean_mps,speed_error_rms_mps,max_gap_ms,mean_row_distance_mm,max_row_distance_mm,logged_cross,independent_line_cross,slip_rows,lateral_slip_rows,calibration,distance_verified,gyro_temp_start_C,gyro_temp_end_C,sha256
12838,CW1.0,5590,5590,0.00,8.35,c727dfb,0.9996725210706837,1.0341439873145004,1.0252831006552983,0.03281585819241935,6.0,4.998496753571438,5.9635636601806254,6,6,0,0,1,1,21.894,26.125,89ff206b0f59b9c98c264fbb497f8a23eb1ac2b1d1595e37fd80fdf8a19d9084
12839,CW1.0,5590,5590,0.00,8.32,c727dfb,0.9996725210706837,1.0341439873145004,1.026181982526636,0.033420349104410614,6.0,4.998431992362711,5.980799393302732,6,6,0,0,1,1,28.375,29.250,d30834095a433452134df06232f112dc465a96f43bc0c4bdba7b1c40a4c61b81
12840,CW1.0,5590,5590,0.00,8.29,c727dfb,0.9996725210706837,1.0341439873145004,1.0267293361525764,0.03390102810115795,6.0,4.998479792302502,5.963563660179716,6,6,0,0,1,1,30.500,30.500,028a395b539d42233b0bb7fa0a59712cefb3998404d6152c10dc3fa05bcdd83a
12841,CW1.0,5591,5591,0.00,8.26,c727dfb,0.9996725210706837,1.0341439873145004,1.0268837631987786,0.03373574230997518,6.0,4.998424271661494,5.972181526741224,6,6,0,0,1,1,31.625,31.250,ed839f267e4db3ecb765bf9cfc1bd67604618f30a858a7478dfa38f5fe308332
12842,CW1.0,5591,5591,0.00,8.23,c727dfb,0.9996725210706837,1.0341439873145004,1.0269687971464623,0.03406450353496178,6.0,4.998402688453649,5.9635636601806254,6,6,0,0,1,1,32.275,31.875,6f025a541b6bb4ed512fef83e55cec97e21b2854be66d301a36019294d8f5281
12844,CCW1.0,5614,5614,0.00,8.17,6697266,0.9996725210706837,1.0341439873145004,1.0233907892399736,0.03462175621176875,6.0,4.998407130229588,5.972181526740314,6,6,0,0,1,1,26.325,28.875,88722e11d2f3e80f19aacc5ae074ef1e469d49ce73b1773546c8e2801b7a054b
12845,CCW1.0,5613,5613,0.00,8.14,6697266,0.9996725210706837,1.0341439873145004,1.0241467712055992,0.03506888657874095,6.0,4.998382568337214,5.963563660181535,6,6,0,0,1,1,30.194,30.875,b91d01644db3fe7e93a95dc5178213c8e536ae27c6895ed26751f202340016da
12846,CCW1.0,5613,5613,0.00,8.11,6697266,0.9996725210706837,1.0341439873145004,1.0241608442066252,0.035036757495881546,6.0,4.9983948532503355,6.006652992986346,6,6,0,0,1,1,31.875,31.875,f31acce50602912147d3830bd1e84b344a27a7cfebf752418c3b0b090814a9e0
12847,CCW1.0,5614,5614,0.00,8.08,6697266,0.9996725210706837,1.0341439873145004,1.0242736946660689,0.035351242319893054,6.0,4.998420948294645,5.98941725986333,6,6,0,0,1,1,32.731,32.375,f2fe9ee5ebbf37078bd7a45bdb16b2f192c6990092d7ce64705444ccd89592c4
12848,CCW1.0,5614,5614,0.00,8.06,6697266,0.9996725210706837,1.0341439873145004,1.0250926414329853,0.036180781630151586,6.0,4.9984961799820375,5.929092193935503,6,6,0,0,1,1,33.125,32.625,c596428eef56fe90dd1a031d7fc08ee755882f57b9fdbd8d01a431d51aac0735
12849,CCW1.0,5615,5615,0.00,7.97,6697266,0.9996725210706837,1.0341439873145004,1.0253277564904186,0.035731151410853416,6.0,4.998433218438838,5.911856460814306,6,6,0,0,1,1,31.250,32.500,9be7629f1b06644a7920c2db5b9b3959c06d414a7b06f179eca6f09030ded5b6
12850,CCW0.5,5580,5580,0.00,7.92,6697266,0.49983626053534186,0.5343077267791586,0.5330584700027418,0.03814475679340933,11.0,4.9983286220115595,5.524052465571458,6,6,0,0,1,1,27.825,32.375,807c47cd235b16793dce38d85bf910b66905aeb9f3ace19b0c0d9ebb0d569310
12851,CCW0.5,5586,5586,0.00,7.87,6697266,0.49983626053534186,0.5343077267791586,0.5381117360814415,0.04318077553549827,11.0,4.998408896489844,5.532670332133421,6,6,0,0,1,1,28.494,32.875,fb60af9867595605462ea1c2fe210eea8900504925d46eead6a2a5346f769b4f
12852,CCW0.5,5587,5587,0.00,7.83,6697266,0.49983626053534186,0.5343077267791586,0.538263079376287,0.04323148364221848,11.0,4.998333292882135,5.558523931815216,6,6,0,0,1,1,33.750,34.875,b34033e659980ff4db5d48c3218f1bebc09abb48b3763ca87a76de7e438cbd79
12854,CW0.5,5554,5554,0.00,7.79,6697266,0.49983626053534186,0.5343077267791586,0.5397797244628991,0.04410243374448847,11.0,4.998351741844361,5.549906065254618,3,6,0,0,1,1,29.138,33.500,f491aeb0163650f720c3b66be2974b7612c2d6774e98ef6a3b9182f041e442ec
12855,CW0.5,5545,5545,0.00,7.76,6697266,0.49983626053534186,0.5343077267791586,0.541244781193641,0.04524253121929069,11.0,4.998329961919508,5.549906065254618,5,6,0,0,1,1,34.469,35.000,f39dcf920df4dbb2ac55d264d2610a64bcc0b6a7e903b3731186d4e7ae1376b7
12856,CW0.5,5555,5555,0.00,7.73,6697266,0.49983626053534186,0.5343077267791586,0.5405085537115085,0.04471547896674961,11.0,4.998387431760541,5.5412881986922,4,6,0,0,1,1,35.625,35.750,943470c7ddffe12cd25906db82fcdd9c84f721d57f1d1bd676a035e00c494334
