log,group,method,interval,delta_X_mm,delta_Y_mm,heading_error_deg,lap_distance_mm,lap_time_s
12838,CW1.0,logged,1,6.803448075433948,3.564272845807011,-0.7219277621639435,4728.060742562514,4.614696969199744
12838,CW1.0,logged,2,11.256345088522608,-1.270700788137674,-0.34081907734292827,4726.000964928483,4.6095347111651
12838,CW1.0,logged,3,3.1874925805990415,-2.1875108222542394,-0.08828421823193366,4727.514992287774,4.612113733437076
12838,CW1.0,logged,4,2.105444710327447,-1.1385606730507334,0.3195802815743036,4725.461097340743,4.606938982781812
12838,CW1.0,logged,5,16.15833400002009,3.6991879842449293,-0.6322268049711397,4727.917374166627,4.608831918166616
12838,CW1.0,right,1,7.669893522752091,4.699338158712408,-0.7219277621639435,4728.060742562514,4.614696969199744
12838,CW1.0,right,2,11.315499756274335,-0.4828745813028945,-0.34081907734292827,4726.000964928483,4.6095347111651
12838,CW1.0,right,3,3.0952156636826658,-0.8985256584928152,-0.08828421823193366,4727.514992287774,4.612113733437076
12838,CW1.0,right,4,-0.1132963263662532,-1.138812360442273,0.3195802815743036,4725.461097340743,4.606938982781812
12838,CW1.0,right,5,13.451396662377306,3.9710622239952045,-0.6322268049711397,4727.917374166627,4.608831918166616
12838,CW1.0,trapezoid,1,5.428844947253765,4.430706485200346,-0.5451229300448972,4728.060742562514,4.614696969199744
12838,CW1.0,trapezoid,2,9.31891544648795,-1.1830946243508151,-0.24895564971711792,4726.000964928483,4.6095347111651
12838,CW1.0,trapezoid,3,1.0593105750164113,-1.3129192801888507,0.07001111043337005,4727.514992287774,4.612113733437076
12838,CW1.0,trapezoid,4,-1.8584781852975993,-1.6382331549286846,0.4231026999652272,4725.461097340743,4.606938982781812
12838,CW1.0,trapezoid,5,11.78336541860483,3.3113526313672423,-0.4653266867331922,4727.917374166627,4.608831918166616
12839,CW1.0,logged,1,9.260383617620619,1.8133850395880131,-0.827505903315398,4728.190502478761,4.608426155417612
12839,CW1.0,logged,2,16.602551905424207,1.400337135221264,-0.45342663463821964,4726.8872641833,4.606125858908688
12839,CW1.0,logged,3,16.996259341313703,4.165765602208751,-0.7303956352288878,4728.47201984309,4.60968433813905
12839,CW1.0,logged,4,19.213007563147926,4.4893682662954575,-0.5178054669476637,4726.458650618981,4.603903909685848
12839,CW1.0,logged,5,15.017226108328032,5.645864613731021,-0.8306279975695929,4728.06584669678,4.606822746524292
12839,CW1.0,right,1,9.180676885971138,2.880624515642637,-0.827505903315398,4728.190502478761,4.608426155417612
12839,CW1.0,right,2,15.143164179701103,1.5324075846659184,-0.45342663463821964,4726.8872641833,4.606125858908688
12839,CW1.0,right,3,15.929342560734199,3.7611651434818896,-0.7303956352288878,4728.47201984309,4.60968433813905
12839,CW1.0,right,4,18.3115010548579,2.8862857663052637,-0.5178054669476637,4726.458650618981,4.603903909685848
12839,CW1.0,right,5,17.201366131901068,4.668815945275526,-0.8306279975695929,4728.06584669678,4.606822746524292
12839,CW1.0,trapezoid,1,7.197815936234747,2.392079734782726,-0.647444525658841,4728.190502478761,4.608426155417612
12839,CW1.0,trapezoid,2,13.70520539581753,0.8563099722861125,-0.3413190852138541,4726.8872641833,4.606125858908688
12839,CW1.0,trapezoid,3,13.931772256081217,3.249347691420553,-0.6050048368673515,4728.47201984309,4.60968433813905
12839,CW1.0,trapezoid,4,16.491453905696062,1.9149089959190064,-0.3920857554659847,4726.458650618981,4.603903909685848
12839,CW1.0,trapezoid,5,15.41803338753482,3.9338558582272753,-0.7136213205983495,4728.06584669678,4.606822746524292
12840,CW1.0,logged,1,10.779903800931606,2.010966863632575,-0.2617360096033394,4727.943520383273,4.60497483972421
12840,CW1.0,logged,2,4.1332915441554405,-1.103137279649502,0.20400798548860166,4727.653118929645,4.605052753433906
12840,CW1.0,logged,3,6.164795896053306,-0.8867315788584165,-0.19923221635792743,4728.563323235281,4.6058602446102395
12840,CW1.0,logged,4,12.934694864137782,2.8324723117236204,-0.3097363920264229,4727.74844597395,4.603242895088946
12840,CW1.0,logged,5,12.641169164634903,-0.9718480795564233,-0.12803411374125062,4727.777800026852,4.605182575778955
12840,CW1.0,right,1,11.658938530557293,1.2527602140434055,-0.2617360096033394,4727.943520383273,4.60497483972421
12840,CW1.0,right,2,1.4607775181273155,-0.8829527067216532,0.20400798548860166,4727.653118929645,4.605052753433906
12840,CW1.0,right,3,5.979120784995757,0.24634681483343002,-0.19923221635792743,4728.563323235281,4.6058602446102395
12840,CW1.0,right,4,11.189809974266382,0.7164653763742876,-0.3097363920264229,4727.74844597395,4.603242895088946
12840,CW1.0,right,5,12.561052871516836,-0.848167438984774,-0.12803411374125062,4727.777800026852,4.605182575778955
12840,CW1.0,trapezoid,1,10.179017739101596,0.7639763951871714,-0.1099231151849267,4727.943520383273,4.60497483972421
12840,CW1.0,trapezoid,2,-0.029067421938520965,-1.2756802401756886,0.2986318758450466,4727.653118929645,4.605052753433906
12840,CW1.0,trapezoid,3,3.845592680253617,-0.26666147738939117,-0.03463499399714465,4728.563323235281,4.6058602446102395
12840,CW1.0,trapezoid,4,9.201269996962196,0.24409075455270113,-0.19652913076839695,4727.74844597395,4.603242895088946
12840,CW1.0,trapezoid,5,10.642772860416585,-1.442565379591315,0.008823186106837966,4727.777800026852,4.605182575778955
12841,CW1.0,logged,1,8.759718820231797,-1.3867821281926922,-0.04683204867649238,4727.981368394381,4.604076135173797
12841,CW1.0,logged,2,9.706902625389034,4.579560724642192,-0.314874159264491,4728.439564405536,4.604677251690081
12841,CW1.0,logged,3,13.169958980023694,0.15178576140340283,-0.27042683363657716,4727.783685751969,4.603478018908876
12841,CW1.0,logged,4,16.01261020877041,2.6954491072687006,-0.9216943143326262,4728.542604969247,4.605189194981664
12841,CW1.0,logged,5,12.14026204258198,4.156194554794126,-0.45387657428949524,4728.83034221215,4.605226638000266
12841,CW1.0,right,1,6.755746552452706,0.6418521295611299,-0.04683204867649238,4727.981368394381,4.604076135173797
12841,CW1.0,right,2,10.527018852614333,1.741724788479587,-0.314874159264491,4728.439564405536,4.604677251690081
12841,CW1.0,right,3,12.087402253706273,0.5486342993601738,-0.27042683363657716,4727.783685751969,4.603478018908876
12841,CW1.0,right,4,16.15009893387139,4.18840460521551,-0.9216943143326262,4728.542604969247,4.605189194981664
12841,CW1.0,right,5,13.317202228099859,2.742288802045664,-0.45387657428949524,4728.83034221215,4.605226638000266
12841,CW1.0,trapezoid,1,4.837458401285403,-0.2794934872902104,0.13581815374544703,4727.981368394381,4.604076135173797
12841,CW1.0,trapezoid,2,8.588492882121272,1.246189454069281,-0.21461936122148018,4728.439564405536,4.604677251690081
12841,CW1.0,trapezoid,3,10.363656502983758,0.06928356942603386,-0.1513595108665413,4727.783685751969,4.603478018908876
12841,CW1.0,trapezoid,4,14.617327031641594,3.6889625348100594,-0.8150337291053802,4728.542604969247,4.605189194981664
12841,CW1.0,trapezoid,5,11.338003772045226,2.100481977696404,-0.2930540611496326,4728.83034221215,4.605226638000266
12842,CW1.0,logged,1,9.511467827792899,-0.5707687527593635,-0.2537411084070982,4727.947183824379,4.602276964471528
12842,CW1.0,logged,2,13.323208777419495,1.1029684493117884,-0.6178031032318927,4727.239220673768,4.603594142355059
12842,CW1.0,logged,3,15.511419067233305,0.850343437593267,-0.7438650975451537,4727.458858166719,4.604871508831822
12842,CW1.0,logged,4,10.21794866608036,3.342941165514162,-0.46150696502922983,4728.048712315198,4.603278978000388
12842,CW1.0,logged,5,10.604841715295834,3.873705199382016,-0.6332241988179703,4727.959632464004,4.603876192398322
12842,CW1.0,right,1,10.021815220864823,1.4971180654387126,-0.2537411084070982,4727.947183824379,4.602276964471528
12842,CW1.0,right,2,12.59591893355173,2.9817411694739917,-0.6178031032318927,4727.239220673768,4.603594142355059
12842,CW1.0,right,3,16.084714418122758,0.7762207159364607,-0.7438650975451537,4727.458858166719,4.604871508831822
12842,CW1.0,right,4,9.62793322989478,3.1946888711379415,-0.46150696502922983,4728.048712315198,4.603278978000388
12842,CW1.0,right,5,11.216004715943768,2.150777475188704,-0.6332241988179703,4727.959632464004,4.603876192398322
12842,CW1.0,trapezoid,1,8.361136588929753,1.1113903695564886,-0.14072552380071102,4727.947183824379,4.602276964471528
12842,CW1.0,trapezoid,2,10.534790394285665,2.5154589767705033,-0.47816011616976084,4727.239220673768,4.603594142355059
12842,CW1.0,trapezoid,3,14.111567293706912,0.02617030678544552,-0.6350924551688308,4727.458858166719,4.604871508831822
12842,CW1.0,trapezoid,4,7.730448508233735,2.37493144548381,-0.2981131895671183,4728.048712315198,4.603278978000388
12842,CW1.0,trapezoid,5,9.93055918884886,1.7284181072299134,-0.54479425792033,4727.959632464004,4.603876192398322
12844,CCW1.0,logged,1,19.700553169582463,0.2675181188928448,0.784544509570992,4747.775232533821,4.636373892150214
12844,CCW1.0,logged,2,10.243157971193796,-1.2680236033821686,0.6530250571536271,4748.4227270271,4.642871020339658
12844,CCW1.0,logged,3,3.6246378152322904,-2.297085219119019,0.07645240636009021,4747.089685641071,4.638408103251815
12844,CCW1.0,logged,4,-0.061651310669390114,-2.760793078031419,-0.04684109917218393,4746.510835291814,4.637307355730185
12844,CCW1.0,logged,5,2.9243272562131324,-3.3337289018374676,0.05089590085168538,4746.563134131047,4.638884913035108
12844,CCW1.0,right,1,18.18666409972593,-0.025360506565775154,0.784544509570992,4747.775232533821,4.636373892150214
12844,CCW1.0,right,2,10.735129978563918,-0.9289604466551253,0.6530250571536271,4748.4227270271,4.642871020339658
12844,CCW1.0,right,3,2.603953409796077,-3.019419573804285,0.07645240636009021,4747.089685641071,4.638408103251815
12844,CCW1.0,right,4,0.6996698768389251,-4.571630301772714,-0.04684109917218393,4746.510835291814,4.637307355730185
12844,CCW1.0,right,5,1.5492184607328454,-2.483036661851635,0.05089590085168538,4746.563134131047,4.638884913035108
12844,CCW1.0,trapezoid,1,16.325155413382845,-0.15115212190397642,0.6327520574668029,4747.775232533821,4.636373892150214
12844,CCW1.0,trapezoid,2,9.015442973589074,-1.0407189931010592,0.5186575163180578,4748.4227270271,4.642871020339658
12844,CCW1.0,trapezoid,3,1.0812647726830846,-3.6033501642360193,-0.06600015713149787,4747.089685641071,4.638408103251815
12844,CCW1.0,trapezoid,4,-0.6555423423772027,-4.733290718036329,-0.1475306146251114,4746.510835291814,4.637307355730185
12844,CCW1.0,trapezoid,5,-0.5238344579199747,-2.9852617514825326,-0.12378739754450407,4746.563134131047,4.638884913035108
12845,CCW1.0,logged,1,6.5950797652143365,-11.161327358782863,-0.20046946310867497,4746.972962552496,4.63739184121554
12845,CCW1.0,logged,2,12.14907120817702,-4.989613409545079,0.13920007398183998,4746.6849003818,4.634077264557746
12845,CCW1.0,logged,3,3.0519103825879483,-2.6896353294831528,-0.1067595847832763,4746.239995342781,4.633722842901359
12845,CCW1.0,logged,4,8.800118637557944,-1.344988758665309,-0.0579521108788299,4747.014100167138,4.634810813594137
12845,CCW1.0,logged,5,10.644709298249836,-0.11902748806237184,0.6929196533581603,4745.132007161235,4.632507417408306
12845,CCW1.0,right,1,5.67754853090446,-9.3869366650178,-0.20046946310867497,4746.972962552496,4.63739184121554
12845,CCW1.0,right,2,11.041487374475082,-3.4710382561162874,0.13920007398183998,4746.6849003818,4.634077264557746
12845,CCW1.0,right,3,2.7920461512107977,-4.273553713419346,-0.1067595847832763,4746.239995342781,4.633722842901359
12845,CCW1.0,right,4,7.8737413139216414,-4.110046924741759,-0.0579521108788299,4747.014100167138,4.634810813594137
12845,CCW1.0,right,5,12.529767415399874,-1.8880431706165268,0.6929196533581603,4745.132007161235,4.632507417408306
12845,CCW1.0,trapezoid,1,4.155426810531139,-9.692178601757306,-0.31567534173262857,4746.972962552496,4.63739184121554
12845,CCW1.0,trapezoid,2,9.875006307328022,-3.65197343736034,0.04627286954246301,4746.6849003818,4.634077264557746
12845,CCW1.0,trapezoid,3,1.0290434884242359,-4.58301256911642,-0.23917929401699212,4746.239995342781,4.633722842901359
12845,CCW1.0,trapezoid,4,6.450008809369706,-4.4872900347955635,-0.21357544909994886,4747.014100167138,4.634810813594137
12845,CCW1.0,trapezoid,5,11.68055626506407,-2.009144555397903,0.5963231795051911,4745.132007161235,4.632507417408306
12846,CCW1.0,logged,1,8.055799792244102,-6.010708252876604,-0.13653298068209097,4746.304522411298,4.633928688625177
12846,CCW1.0,logged,2,6.0255665787788075,-5.071947304727189,0.1380133346938237,4746.936856639965,4.63607755626848
12846,CCW1.0,logged,3,15.30059456314757,-1.6748421203271917,0.6655261440244544,4746.2743312575,4.634077661081972
12846,CCW1.0,logged,4,9.703164081874434,-7.51312652329473,0.08582379656218109,4746.626803643527,4.635329414508509
12846,CCW1.0,logged,5,0.8526361417116277,-1.4534693187563903,-0.3055419678647695,4745.970588532418,4.6328358082829215
12846,CCW1.0,right,1,8.003799133724897,-6.930255284978934,-0.13653298068209097,4746.304522411298,4.633928688625177
12846,CCW1.0,right,2,6.970619349695198,-4.309154332651332,0.1380133346938237,4746.936856639965,4.63607755626848
12846,CCW1.0,right,3,13.129000984904337,-0.32488110322455555,0.6655261440244544,4746.2743312575,4.634077661081972
12846,CCW1.0,right,4,8.851358484734192,-5.41691552645301,0.08582379656218109,4746.626803643527,4.635329414508509
12846,CCW1.0,right,5,1.6571485238406467,-3.226277025647697,-0.3055419678647695,4745.970588532418,4.6328358082829215
12846,CCW1.0,trapezoid,1,6.130533322288102,-7.4377550570422954,-0.3082189287470669,4746.304522411298,4.633928688625177
12846,CCW1.0,trapezoid,2,5.617390323127552,-4.60634357546715,0.03244895608486331,4746.936856639965,4.63607755626848
12846,CCW1.0,trapezoid,3,11.083805113833819,-1.0745629861904078,0.4818412943606063,4746.2743312575,4.634077661081972
12846,CCW1.0,trapezoid,4,6.5078721433076225,-5.882402132686273,-0.088540457797194,4746.626803643527,4.635329414508509
12846,CCW1.0,trapezoid,5,0.16668941443572294,-3.5557647316087824,-0.4310531190004667,4745.970588532418,4.6328358082829215
12847,CCW1.0,logged,1,9.722959253887325,-6.307189247780649,0.022611856766047822,4746.945612160807,4.631757319885362
12847,CCW1.0,logged,2,4.655671363449869,-5.375542779353296,-0.49615744054347033,4747.653346661588,4.636903514547732
12847,CCW1.0,logged,3,6.371789503857258,-4.250287992912739,-0.010490195332749863,4746.973063272391,4.634483549004381
12847,CCW1.0,logged,4,4.854646644861305,-3.1744995542351404,-0.36263106899190234,4747.170364486747,4.634012707977768
12847,CCW1.0,logged,5,17.78364580895027,0.2531948925660217,0.5650661953786766,4747.364853853447,4.636445357960675
12847,CCW1.0,right,1,7.710877729140293,-3.5638311342693214,0.022611856766047822,4746.945612160807,4.631757319885362
12847,CCW1.0,right,2,3.559028301143485,-5.628721116380113,-0.49615744054347033,4747.653346661588,4.636903514547732
12847,CCW1.0,right,3,7.322970147918454,-8.054310450030876,-0.010490195332749863,4746.973063272391,4.634483549004381
12847,CCW1.0,right,4,6.026651719344727,-3.794401212059178,-0.36263106899190234,4747.170364486747,4.634012707977768
12847,CCW1.0,right,5,15.580546748437314,-0.7126638342284366,0.5650661953786766,4747.364853853447,4.636445357960675
12847,CCW1.0,trapezoid,1,6.086831121546311,-3.8897210861317504,-0.10461980895098577,4746.945612160807,4.631757319885362
12847,CCW1.0,trapezoid,2,1.8699939297443962,-6.015443776001703,-0.6179643290144554,4747.653346661588,4.636903514547732
12847,CCW1.0,trapezoid,3,4.854057966764458,-8.494243288783814,-0.1598500931921194,4746.973063272391,4.634483549004381
12847,CCW1.0,trapezoid,4,4.493611566158506,-4.2126265480873215,-0.510419387111142,4747.170364486747,4.634012707977768
12847,CCW1.0,trapezoid,5,14.029930951423921,-1.0400842806485358,0.40176472727972623,4747.364853853447,4.636445357960675
12848,CCW1.0,logged,1,5.034561919799216,-9.091244399257285,0.13228271653559887,4747.647279729908,4.630376722075425
12848,CCW1.0,logged,2,2.2718961106003235,-2.9082521850661607,-0.4320378490501753,4748.264752020556,4.630915540421497
12848,CCW1.0,logged,3,6.321968004729911,-6.404160999946775,0.28245020017845945,4748.220835077245,4.632131644529232
12848,CCW1.0,logged,4,5.73742137671195,-3.9062612452671317,-0.07212686383604705,4748.3035853519195,4.632559864988685
12848,CCW1.0,logged,5,14.389826507255293,1.349323702830901,0.6343062505839612,4747.942364569983,4.633264986685183
12848,CCW1.0,right,1,4.1297541086953515,-7.250016847814138,0.13228271653559887,4747.647279729908,4.630376722075425
12848,CCW1.0,right,2,1.9108412412906546,-3.6585458030215676,-0.4320378490501753,4748.264752020556,4.630915540421497
12848,CCW1.0,right,3,7.953935833302694,-4.7194291849707,0.28245020017845945,4748.220835077245,4.632131644529232
12848,CCW1.0,right,4,6.280150540576415,-2.802056402078364,-0.07212686383604705,4748.3035853519195,4.632559864988685
12848,CCW1.0,right,5,14.528642631743423,-0.9222310544929684,0.6343062505839612,4747.942364569983,4.633264986685183
12848,CCW1.0,trapezoid,1,2.215443045935899,-7.496147900603894,-0.013923473758836735,4747.647279729908,4.630376722075425
12848,CCW1.0,trapezoid,2,0.041477069279039824,-4.073696336875578,-0.5490315480455479,4748.264752020556,4.630915540421497
12848,CCW1.0,trapezoid,3,6.131367055052692,-5.291591327451577,0.1280675946443921,4748.220835077245,4.632131644529232
12848,CCW1.0,trapezoid,4,4.806822642724228,-2.9518933329080923,-0.18689681977957662,4748.3035853519195,4.632559864988685
12848,CCW1.0,trapezoid,5,12.584614128755447,-1.467085839666332,0.4773205978048054,4747.942364569983,4.633264986685183
12849,CCW1.0,logged,1,15.082870433762764,1.3440967140781055,0.7455093182177848,4747.784883212102,4.630914690051893
12849,CCW1.0,logged,2,8.854807044730023,-0.39832084964999837,0.3567852972994956,4748.101211853478,4.629418548131374
12849,CCW1.0,logged,3,11.40945181071072,-3.9775259074844627,0.33050675407076824,4748.68284132521,4.630887688210907
12849,CCW1.0,logged,4,7.209240756202917,-6.651940287534536,0.06159759216183147,4749.057000132641,4.632148211570593
12849,CCW1.0,logged,5,2.150486359166621,-0.19555247878841442,-0.4294166304055125,4749.634149469635,4.633386413661007
12849,CCW1.0,right,1,15.460094519735435,0.5022320962682585,0.7455093182177848,4747.784883212102,4.630914690051893
12849,CCW1.0,right,2,9.954100543600703,-0.9633616319408844,0.3567852972994956,4748.101211853478,4.629418548131374
12849,CCW1.0,right,3,9.231060145133938,-0.7486625377414668,0.33050675407076824,4748.68284132521,4.630887688210907
12849,CCW1.0,right,4,7.302460370538142,-7.230756040664126,0.06159759216183147,4749.057000132641,4.632148211570593
12849,CCW1.0,right,5,2.5428538951096016,-2.1902136675900437,-0.4294166304055125,4749.634149469635,4.633386413661007
12849,CCW1.0,trapezoid,1,14.079309735798574,0.2814660046681041,0.6465267159571226,4747.784883212102,4.630914690051893
12849,CCW1.0,trapezoid,2,8.578935947385162,-0.8547196216325545,0.25765686162947077,4748.101211853478,4.629418548131374
12849,CCW1.0,trapezoid,3,6.946512414245603,-1.508275547991886,0.1165298307622038,4748.68284132521,4.630887688210907
12849,CCW1.0,trapezoid,4,5.277710381877,-7.439198930153324,-0.04103368407817243,4749.057000132641,4.632148211570593
12849,CCW1.0,trapezoid,5,0.4960029903636496,-2.640949584351411,-0.5556957693814297,4749.634149469635,4.633386413661007
12850,CCW0.5,logged,1,29.126972110018528,1.7867262634136765,1.4859859251965304,4719.395939209598,8.859703067682638
12850,CCW0.5,logged,2,20.076292911582186,3.079700064270604,0.5016720800730923,4718.923283059334,8.8554274855362
12850,CCW0.5,logged,3,26.14383918829253,-1.853442047920712,1.0919190914460728,4718.88150675695,8.853501043219516
12850,CCW0.5,logged,4,14.603683368315387,0.4614277394371378,1.2380715480820186,4718.255854460707,8.85189345862048
12850,CCW0.5,logged,5,17.014367218474376,1.3045959520057835,0.7427888409810066,4720.637162205901,8.845009652689296
12850,CCW0.5,right,1,27.187609723775722,4.096746435015508,1.4859859251965304,4719.395939209598,8.859703067682638
12850,CCW0.5,right,2,18.089098121805137,-1.5007167497611746,0.5016720800730923,4718.923283059334,8.8554274855362
12850,CCW0.5,right,3,25.603756065240418,1.8471059027470957,1.0919190914460728,4718.88150675695,8.853501043219516
12850,CCW0.5,right,4,20.066229013357884,2.5921892323017985,1.2380715480820186,4718.255854460707,8.85189345862048
12850,CCW0.5,right,5,13.276069198439814,2.126566104234975,0.7427888409810066,4720.637162205901,8.845009652689296
12850,CCW0.5,trapezoid,1,26.705754752069197,4.161426329203376,1.4533458575411373,4719.395939209598,8.859703067682638
12850,CCW0.5,trapezoid,2,18.157972230531072,-1.5888426336752097,0.4779678443985631,4718.923283059334,8.8554274855362
12850,CCW0.5,trapezoid,3,25.164608908196897,2.054360602093869,1.032680254620459,4718.88150675695,8.853501043219516
12850,CCW0.5,trapezoid,4,19.77523224387062,2.821658530261903,1.1994633054666224,4718.255854460707,8.85189345862048
12850,CCW0.5,trapezoid,5,13.399516769913134,2.466386939029533,0.7816561095353336,4720.637162205901,8.845009652689296
12851,CCW0.5,logged,1,11.259493171222516,1.9091277540127791,0.5511885125604863,4723.08721260165,8.77566768654266
12851,CCW0.5,logged,2,8.984124172055886,1.8303953224547627,0.5640914893440367,4724.131459518247,8.78418268542694
12851,CCW0.5,logged,3,23.346268842425502,8.689884446018027,1.363428740783604,4724.031512398178,8.777458757965581
12851,CCW0.5,logged,4,23.545385393257448,0.10035845437310087,1.3223245559508428,4725.07654299219,8.782437238218797
12851,CCW0.5,logged,5,22.368665003627143,3.1396901781113584,1.0628632011276977,4724.703810890325,8.776401034032038
12851,CCW0.5,right,1,12.749691133734814,1.050151946860396,0.5511885125604863,4723.08721260165,8.77566768654266
12851,CCW0.5,right,2,13.993144548800501,-0.03776072681957032,0.5640914893440367,4724.131459518247,8.78418268542694
12851,CCW0.5,right,3,22.73370741221902,6.887461819077327,1.363428740783604,4724.031512398178,8.777458757965581
12851,CCW0.5,right,4,23.004751795791208,4.084703953785642,1.3223245559508428,4725.07654299219,8.782437238218797
12851,CCW0.5,right,5,20.86074724252046,3.370692494652115,1.0628632011276977,4724.703810890325,8.776401034032038
12851,CCW0.5,trapezoid,1,11.892513467787467,1.1165679087304028,0.5067507178137021,4723.08721260165,8.77566768654266
12851,CCW0.5,trapezoid,2,13.285909542578224,-0.14055064789296168,0.49228988364092174,4724.131459518247,8.78418268542694
12851,CCW0.5,trapezoid,3,21.946101111682992,6.993020585877172,1.3311849538600313,4724.031512398178,8.777458757965581
12851,CCW0.5,trapezoid,4,22.28849785345608,3.9647863952007363,1.2760375630003296,4725.07654299219,8.782437238218797
12851,CCW0.5,trapezoid,5,19.817782789243665,3.6368326687166164,1.0072444121159947,4724.703810890325,8.776401034032038
12852,CCW0.5,logged,1,12.99096477972705,-6.747803167034554,-0.42216326044763264,4724.449332843226,8.779669415175384
12852,CCW0.5,logged,2,22.495505054845353,-3.211553986882734,-0.04689763419577275,4724.601295873601,8.773363272433924
12852,CCW0.5,logged,3,16.938562435935978,1.696157701964374,-0.005254642299917123,4724.821868542822,8.778153566740151
12852,CCW0.5,logged,4,19.81572743941399,3.080132456136454,0.05462703944454006,4725.147830991957,8.776925032602689
12852,CCW0.5,logged,5,21.727580274261754,-5.753722771341124,0.23555237768715642,4726.098034073428,8.783237248930709
12852,CCW0.5,right,1,12.754586968652575,-4.8976513698703386,-0.42216326044763264,4724.449332843226,8.779669415175384
12852,CCW0.5,right,2,19.800793540122868,-2.645761023403132,-0.04689763419577275,4724.601295873601,8.773363272433924
12852,CCW0.5,right,3,17.95632392433265,-0.43218420916083744,-0.005254642299917123,4724.821868542822,8.778153566740151
12852,CCW0.5,right,4,21.403890923118865,-1.7577274516175834,0.05462703944454006,4725.147830991957,8.776925032602689
12852,CCW0.5,right,5,21.139487275363194,-0.1292635503683215,0.23555237768715642,4726.098034073428,8.783237248930709
12852,CCW0.5,trapezoid,1,11.675672343663905,-5.051563811760129,-0.4722297464824692,4724.449332843226,8.779669415175384
12852,CCW0.5,trapezoid,2,18.694767430051,-2.8287748388769387,-0.10665846682775282,4724.601295873601,8.773363272433924
12852,CCW0.5,trapezoid,3,16.2427493346363,-0.8245559632839274,-0.13872949146099245,4724.821868542822,8.778153566740151
12852,CCW0.5,trapezoid,4,20.233346868671447,-1.77817505231733,-0.0060921304361158946,4725.147830991957,8.776925032602689
12852,CCW0.5,trapezoid,5,19.817101181049793,-0.27058371920020363,0.14919560842406554,4726.098034073428,8.783237248930709
12854,CW0.5,logged,1,10.07433223940427,-1.813577496914661,-0.5454073822779151,4697.7144184861345,8.710500791066984
12854,CW0.5,logged,2,7.953661871433155,0.24243021085868577,-0.27879570575402113,4700.074308863611,8.713172443039157
12854,CW0.5,logged,3,6.608079898442725,-2.256454049994659,0.19554374586329004,4700.949911815849,8.721977383414066
12854,CW0.5,logged,4,9.79923862512203,-9.828883071360849,0.6545935247005445,4696.338349510446,8.692530528874638
12854,CW0.5,logged,5,19.833435203509453,-5.746635377922132,0.07459674330232247,4691.675779673351,8.673601502540594
12854,CW0.5,right,1,10.609423043679726,2.8611216456864668,-0.5454073822779151,4697.7144184861345,8.710500791066984
12854,CW0.5,right,2,7.144122241713717,1.7921987913697421,-0.27879570575402113,4700.074308863611,8.713172443039157
12854,CW0.5,right,3,3.6239906153284664,-3.955044546004615,0.19554374586329004,4700.949911815849,8.721977383414066
12854,CW0.5,right,4,7.966531173417366,-8.650637561601116,0.6545935247005445,4696.338349510446,8.692530528874638
12854,CW0.5,right,5,19.003857837324404,-7.314064408776915,0.07459674330232247,4691.675779673351,8.673601502540594
12854,CW0.5,trapezoid,1,9.31598852236857,2.676826791786482,-0.44710606998057756,4697.7144184861345,8.710500791066984
12854,CW0.5,trapezoid,2,5.520087283758812,1.4111040561008963,-0.14965324008807102,4700.074308863611,8.713172443039157
12854,CW0.5,trapezoid,3,2.4501492479361104,-4.116331950244444,0.2659307310884742,4700.949911815849,8.721977383414066
12854,CW0.5,trapezoid,4,7.216194833933741,-9.369371073134403,0.6907834522987741,4696.338349510446,8.692530528874638
12854,CW0.5,trapezoid,5,18.88018670855263,-7.8057467232365525,0.07867037563426038,4691.675779673351,8.673601502540594
12855,CW0.5,logged,1,13.404934955520275,-6.313743581047845,0.5702290097171954,4689.446344946355,8.66097386766598
12855,CW0.5,logged,2,11.305511620036668,-4.178499360662556,0.5201444707481642,4690.150089580722,8.664702167881241
12855,CW0.5,logged,3,14.744767957723639,-4.023220994087524,0.37222129396673154,4690.154732436575,8.665810726575769
12855,CW0.5,logged,4,5.808802798787497,-7.0670830985744715,0.8221077483790964,4690.061309294568,8.666815208283081
12855,CW0.5,logged,5,8.88014365678589,-7.638920458082282,0.3717455484741663,4691.517348290938,8.670194380695103
12855,CW0.5,right,1,13.572571611519038,-5.046350931194581,0.5702290097171954,4689.446344946355,8.66097386766598
12855,CW0.5,right,2,9.916596912143063,-4.891146867233601,0.5201444707481642,4690.150089580722,8.664702167881241
12855,CW0.5,right,3,15.087885370263166,-5.500772587665551,0.37222129396673154,4690.154732436575,8.665810726575769
12855,CW0.5,right,4,9.084349691632042,-5.992065387929699,0.8221077483790964,4690.061309294568,8.666815208283081
12855,CW0.5,right,5,9.739742966735434,-2.337445394351448,0.3717455484741663,4691.517348290938,8.670194380695103
12855,CW0.5,trapezoid,1,12.979829831040433,-5.4326845196289355,0.5724232475241706,4689.446344946355,8.66097386766598
12855,CW0.5,trapezoid,2,9.8375687267486,-5.232226991938148,0.48889306521897424,4690.150089580722,8.664702167881241
12855,CW0.5,trapezoid,3,14.094121849856492,-6.107586429223488,0.4253815361907982,4690.154732436575,8.665810726575769
12855,CW0.5,trapezoid,4,8.487386908157305,-6.393608640680668,0.8503953531814545,4690.061309294568,8.666815208283081
12855,CW0.5,trapezoid,5,8.813185769952838,-2.8635750797196806,0.42201348502732117,4691.517348290938,8.670194380695103
12856,CW0.5,logged,1,14.516697952406616,3.917641650673147,-0.28058453910165326,4696.375223861263,8.679694160155558
12856,CW0.5,logged,2,16.337062730791217,6.25546654990535,-0.6893000004501459,4699.442420004473,8.692118718493388
12856,CW0.5,logged,3,6.941579430745946,-0.054313444314345816,-0.17727368346004369,4700.467826924578,8.701422051928988
12856,CW0.5,logged,4,4.005663932531888,-2.8757629301322822,-0.0004642305606239461,4701.794681275238,8.709611537184784
12856,CW0.5,logged,5,12.44022754314949,-9.755550473212054,0.5950427480978533,4695.646780611318,8.683064280988823
12856,CW0.5,right,1,12.243586755373826,2.8336336705057192,-0.28058453910165326,4696.375223861263,8.679694160155558
12856,CW0.5,right,2,16.473056367557547,4.5464488810595185,-0.6893000004501459,4699.442420004473,8.692118718493388
12856,CW0.5,right,3,4.794301440801405,1.3328235978279963,-0.17727368346004369,4700.467826924578,8.701422051928988
12856,CW0.5,right,4,6.23281199676785,-1.5891884507950067,-0.0004642305606239461,4701.794681275238,8.709611537184784
12856,CW0.5,right,5,8.508643310611205,-8.332138088909403,0.5950427480978533,4695.646780611318,8.683064280988823
12856,CW0.5,trapezoid,1,10.870934032461378,2.408277444566579,-0.14277319586784643,4696.375223861263,8.679694160155558
12856,CW0.5,trapezoid,2,15.0016749241031,4.356378152376806,-0.5582393791980849,4699.442420004473,8.692118718493388
12856,CW0.5,trapezoid,3,3.0345816234870426,0.7721882180367174,-0.022120284374580024,4700.467826924578,8.701422051928988
12856,CW0.5,trapezoid,4,4.29634841322968,-2.3026174060635185,0.16107328517853148,4701.794681275238,8.709611537184784
12856,CW0.5,trapezoid,5,7.676639685610894,-8.83417537158823,0.6272205968007256,4695.646780611318,8.683064280988823
