log,group,method,mean_dX_mm,mean_dY_mm,mean_heading_error_deg
12838,CW1.0,logged,7.902212890980627,0.5333377093218588,-0.2927355162271283
12838,CW1.0,right,7.083741855744028,1.2300375564939259,-0.2927355162271283
12838,CW1.0,trapezoid,5.146391640413071,0.7215624114198477,-0.15325829121932202
12839,CW1.0,logged,15.417885707166898,3.5029441314089014,-0.6719523275399524
12839,CW1.0,right,15.153210162633082,3.1458597910742467,-0.6719523275399524
12839,CW1.0,trapezoid,13.348856176272875,2.4693004505271348,-0.5398951047608762
12840,CW1.0,logged,9.330771053982607,0.3763444474583707,-0.13894614924806775
12840,CW1.0,right,8.569939935892716,0.09689045190893922,-0.13894614924806775
12840,CW1.0,trapezoid,6.767917170959095,-0.3953679894833044,-0.006726435599716751
12841,CW1.0,logged,11.957890535399383,2.039241603983146,-0.40154078603993637
12841,CW1.0,right,11.767493764148913,1.9725809249324129,-0.40154078603993637
12841,CW1.0,trapezoid,9.94898771801545,1.3650848097423136,-0.26764970171951746
12842,CW1.0,logged,11.833777210764378,1.719837899808374,-0.542028094606269
12842,CW1.0,right,11.909277303675571,2.120109259435162,-0.542028094606269
12842,CW1.0,trapezoid,10.133700394800986,1.5512738411652323,-0.4193771085253502
12844,CCW1.0,logged,7.286204980310458,-1.878422536695446,0.30361535495284214
12844,CCW1.0,right,6.754927165131539,-2.205681498129907,0.30361535495284214
12844,CCW1.0,trapezoid,5.0484972718715655,-2.5027547497519835,0.16281828089674946
12845,CCW1.0,logged,8.248177858357417,-4.060918468907755,0.09338771371384383
12845,CCW1.0,right,7.982918157182371,-4.625923745982344,0.09338771371384383
12845,CCW1.0,trapezoid,6.638008336143434,-4.8847198396855065,-0.025166807160383088
12846,CCW1.0,logged,7.987552231551308,-4.344818703996421,0.08945766534671976
12846,CCW1.0,right,7.722385295379854,-4.041496654591105,0.08945766534671976
12846,CCW1.0,trapezoid,5.901258063398563,-4.511365696598982,-0.0627044510198516
12847,CCW1.0,logged,8.677742515001205,-3.7708649363431603,-0.05632013054467962
12847,CCW1.0,right,8.040014929196854,-4.350785549393585,-0.05632013054467962
12847,CCW1.0,trapezoid,6.266885107127519,-4.730423795930625,-0.19821777819779526
12848,CCW1.0,logged,6.751134783819339,-4.19211902534129,0.10897489088235943
12848,CCW1.0,right,6.960664871121708,-3.8704558584755473,0.10897489088235943
12848,CCW1.0,trapezoid,5.155944788349461,-4.256082947501095,-0.028892729826952745
12849,CCW1.0,logged,8.941371280914609,-1.9758485618758612,0.21299646626887353
12849,CCW1.0,right,8.898113894823563,-2.1261523563336526,0.21299646626887353
12849,CCW1.0,trapezoid,7.0756942939339975,-2.4323355358922143,0.08479679097783901
12850,CCW0.5,logged,21.393030959336603,0.9558015942412978,1.012087497155744
12850,CCW0.5,right,20.844552424523794,1.8323781849076404,1.012087497155744
12850,CCW0.5,trapezoid,20.640616980916185,1.9829979533826942,0.9890226743124231
12851,CCW0.5,logged,17.9007873165177,3.1338912309940055,0.9727792999533336
12851,CCW0.5,right,18.6684084266132,3.0710498975111817,0.9727792999533336
12851,CCW0.5,trapezoid,17.846160952949685,3.114131382126393,0.9227015060861958
12852,CCW0.5,logged,18.793667996836824,-2.187357953431517,-0.036827223962325205
12852,CCW0.5,right,18.611016526318032,-1.9725175208840426,-0.036827223962325205
12852,CCW0.5,trapezoid,17.33272743161449,-2.1507306770877057,-0.11490284535665296
12854,CW0.5,logged,10.853749567582327,-3.880623957066723,0.02010618516684417
12854,CW0.5,right,9.669584982292736,-3.0532852158652872,0.02010618516684417
12854,CW0.5,trapezoid,8.676521319309973,-3.440703779745604,0.08772504979057202
12855,CW0.5,logged,10.828832197770794,-5.844293498490936,0.5312896142570708
12855,CW0.5,right,11.480229310458549,-4.753556233674976,0.5312896142570708
12855,CW0.5,trapezoid,10.842418617151134,-5.205936332238184,0.5518213374285438
12856,CW0.5,logged,10.848246317925032,-0.502503729416037,-0.11051594109492272
12856,CW0.5,right,9.650479974222367,-0.24168407806223513,-0.11051594109492272
12856,CW0.5,trapezoid,8.176035735778418,-0.7199897925343294,0.013032204507749157
